Source shape warnings: files/functions are near their size limits.
apps/portal/e2e/portal-route-scaffold-assertions.ts:1 file has 760 lines; crossed 750-line advisory band; maximum is 1000
apps/portal/e2e/portal-ui.spec.ts:1 file has 321 lines; crossed 250-line advisory band; maximum is 1000
apps/portal/e2e/tracking-hosted-ui-proof.spec.ts:1 file has 463 lines; crossed 250-line advisory band; maximum is 1000
apps/portal/e2e/tracking-hosted-ui-proof.spec.ts:201 function has 69 lines; warning starts at 64 of 80
apps/portal/src/live-activity-state.ts:1 file has 521 lines; crossed 500-line advisory band; maximum is 1000
apps/portal/src/live-activity-state.ts:121 function has 79 lines; warning starts at 64 of 80
apps/portal/src/portal-control-card.ts:18 function has 67 lines; warning starts at 64 of 80
apps/portal/src/portal-frame-layout-state.ts:1 file has 310 lines; crossed 250-line advisory band; maximum is 1000
apps/portal/src/portal-frame-layout-types.ts:1 file has 288 lines; crossed 250-line advisory band; maximum is 1000
apps/portal/src/PortalApp.tsx:1 file has 462 lines; crossed 250-line advisory band; maximum is 1000
apps/portal/src/PortalApp.tsx:62 function has 71 lines; warning starts at 64 of 80
apps/portal/src/PortalAppLayoutSurfacePanel.tsx:1 file has 293 lines; crossed 250-line advisory band; maximum is 1000
apps/portal/src/PortalAppLayoutSurfacePanel.tsx:87 function has 75 lines; warning starts at 64 of 80
apps/portal/src/PortalBackgroundDevTool.tsx:21 function has 69 lines; warning starts at 64 of 80
apps/portal/src/PortalBackgroundTunerControls.tsx:1 file has 568 lines; crossed 500-line advisory band; maximum is 1000
apps/portal/src/PortalBackgroundTunerControls.tsx:94 function has 75 lines; warning starts at 64 of 80
apps/portal/src/PortalHeaderSvgFrame.tsx:1 file has 298 lines; crossed 250-line advisory band; maximum is 1000
apps/portal/src/PortalUnifiedChrome.tsx:1 file has 346 lines; crossed 250-line advisory band; maximum is 1000
apps/portal/src/tracking-status-panel.ts:1 file has 929 lines; crossed 750-line advisory band; maximum is 1000
apps/portal/src/TrackingStatusRoutePanel.tsx:1 file has 508 lines; crossed 500-line advisory band; maximum is 1000
apps/portal/src/TrackingStatusRoutePanel.tsx:267 function has 71 lines; warning starts at 64 of 80
apps/portal/tests/activity-ui-app-game-dashboard-intent.test.ts:1 file has 306 lines; crossed 250-line advisory band; maximum is 1000
apps/portal/tests/activity-ui-app-game-dashboard-intent.test.ts:234 function has 64 lines; warning starts at 64 of 80
apps/portal/tests/activity-ui-intent.test.ts:1 file has 551 lines; crossed 500-line advisory band; maximum is 1000
apps/portal/tests/activity-ui-intent.test.ts:106 function has 65 lines; warning starts at 64 of 80
apps/portal/tests/activity-ui-lan-pairing-fixtures.ts:1 file has 508 lines; crossed 500-line advisory band; maximum is 1000
apps/portal/tests/activity-ui-lan-pairing-fixtures.ts:125 function has 73 lines; warning starts at 64 of 80
apps/portal/tests/app-game-notification-parent-surface-panel.test.ts:1 file has 262 lines; crossed 250-line advisory band; maximum is 1000
apps/portal/tests/app-game-notification-parent-surface-panel.test.ts:19 function has 64 lines; warning starts at 64 of 80
apps/portal/tests/live-activity-browser-status.test.ts:1 file has 272 lines; crossed 250-line advisory band; maximum is 1000
apps/portal/tests/live-activity-state.test.ts:1 file has 400 lines; crossed 250-line advisory band; maximum is 1000
apps/portal/tests/live-activity-state.test.ts:14 function has 64 lines; warning starts at 64 of 80
apps/portal/tests/live-activity-surface-adapter.test.ts:1 file has 585 lines; crossed 500-line advisory band; maximum is 1000
apps/portal/tests/tracking-status-panel.test.ts:1 file has 429 lines; crossed 250-line advisory band; maximum is 1000
apps/portal/tests/tracking-status-panel.test.ts:246 function has 64 lines; warning starts at 64 of 80
packages/activity-domain/src/activity-surface.ts:1 file has 416 lines; crossed 250-line advisory band; maximum is 1000
packages/activity-domain/src/app-game.ts:1 file has 456 lines; crossed 250-line advisory band; maximum is 1000
packages/activity-domain/src/browser-intervention-schemas.ts:1 file has 281 lines; crossed 250-line advisory band; maximum is 1000
packages/activity-domain/src/browser-platform-inventory-matrix.ts:1 file has 263 lines; crossed 250-line advisory band; maximum is 1000
packages/activity-domain/src/browser-schemas.ts:1 file has 417 lines; crossed 250-line advisory band; maximum is 1000
packages/activity-domain/src/browser-social-feed-video-route-gate.ts:1 file has 266 lines; crossed 250-line advisory band; maximum is 1000
packages/activity-domain/src/browser-url-intelligence-schemas.ts:1 file has 363 lines; crossed 250-line advisory band; maximum is 1000
packages/activity-domain/src/browser-url-intelligence.ts:1 file has 635 lines; crossed 500-line advisory band; maximum is 1000
packages/activity-domain/src/browser.ts:1 file has 253 lines; crossed 250-line advisory band; maximum is 1000
packages/activity-domain/src/screen-ai-browser-trigger-proof.ts:1 file has 512 lines; crossed 500-line advisory band; maximum is 1000
packages/activity-domain/src/screen-intelligence-router.ts:1 file has 328 lines; crossed 250-line advisory band; maximum is 1000
packages/activity-domain/src/screen-vlm-execution-readiness.ts:1 file has 290 lines; crossed 250-line advisory band; maximum is 1000
packages/activity-domain/src/screen-vlm-journal-read-model.ts:1 file has 322 lines; crossed 250-line advisory band; maximum is 1000
packages/activity-domain/src/social-video-ai-signal-aggregate.ts:1 file has 407 lines; crossed 250-line advisory band; maximum is 1000
packages/activity-domain/tests/activity-family-aggregation.test.ts:1 file has 265 lines; crossed 250-line advisory band; maximum is 1000
packages/activity-domain/tests/activity-surface.test.ts:1 file has 623 lines; crossed 500-line advisory band; maximum is 1000
packages/activity-domain/tests/activity-surface.test.ts:208 function has 71 lines; warning starts at 64 of 80
packages/activity-domain/tests/activity-surface.test.ts:350 function has 78 lines; warning starts at 64 of 80
packages/activity-domain/tests/app-game-category-risk.test.ts:1 file has 288 lines; crossed 250-line advisory band; maximum is 1000
packages/activity-domain/tests/app-game.test.ts:1 file has 255 lines; crossed 250-line advisory band; maximum is 1000
packages/activity-domain/tests/browser-ai-parent-explanation.test.ts:1 file has 268 lines; crossed 250-line advisory band; maximum is 1000
packages/activity-domain/tests/browser-platform-inventory-matrix.test.ts:8 function has 66 lines; warning starts at 64 of 80
packages/activity-domain/tests/browser-read-model.test.ts:50 function has 76 lines; warning starts at 64 of 80
packages/activity-domain/tests/browser-tab-evidence.test.ts:14 function has 70 lines; warning starts at 64 of 80
packages/activity-domain/tests/browser-url-intelligence.test.ts:1 file has 354 lines; crossed 250-line advisory band; maximum is 1000
packages/activity-domain/tests/browser-url-intelligence.test.ts:10 function has 75 lines; warning starts at 64 of 80
packages/activity-domain/tests/browser.test.ts:1 file has 298 lines; crossed 250-line advisory band; maximum is 1000
packages/activity-domain/tests/browser.test.ts:23 function has 80 lines; warning starts at 64 of 80
packages/activity-domain/tests/contracts.test.ts:36 function has 70 lines; warning starts at 64 of 80
packages/activity-domain/tests/screen-evidence-retention.test.ts:1 file has 311 lines; crossed 250-line advisory band; maximum is 1000
packages/activity-domain/tests/screen-evidence.test.ts:1 file has 329 lines; crossed 250-line advisory band; maximum is 1000
packages/activity-domain/tests/screen-ocr-worker.test.ts:119 function has 69 lines; warning starts at 64 of 80
packages/activity-domain/tests/screen-vlm-execution-readiness.test.ts:120 function has 71 lines; warning starts at 64 of 80
packages/activity-domain/tests/screen-vlm-journal-read-model.test.ts:1 file has 279 lines; crossed 250-line advisory band; maximum is 1000
packages/activity-domain/tests/screen-vlm-journal-read-model.test.ts:177 function has 73 lines; warning starts at 64 of 80
packages/activity-domain/tests/screen-vlm-worker.test.ts:124 function has 78 lines; warning starts at 64 of 80
packages/activity-domain/tests/social-video-ai-signal-aggregate.test.ts:1 file has 325 lines; crossed 250-line advisory band; maximum is 1000
packages/activity-domain/tests/tracking.test.ts:1 file has 290 lines; crossed 250-line advisory band; maximum is 1000
packages/agent-protocol-domain/src/activity-surface-adapter-manifest.ts:1 file has 268 lines; crossed 250-line advisory band; maximum is 1000
packages/agent-protocol-domain/src/activity-surface-adapter.ts:1 file has 478 lines; crossed 250-line advisory band; maximum is 1000
packages/agent-protocol-domain/src/contracts.ts:1 file has 533 lines; crossed 500-line advisory band; maximum is 1000
packages/agent-protocol-domain/src/defaults.ts:1 file has 467 lines; crossed 250-line advisory band; maximum is 1000
packages/agent-protocol-domain/src/lan-pairing-browser-add-device-state.ts:1 file has 378 lines; crossed 250-line advisory band; maximum is 1000
packages/agent-protocol-domain/src/network-runtime-events.ts:1 file has 357 lines; crossed 250-line advisory band; maximum is 1000
packages/agent-protocol-domain/src/parent-assistant-adapter.ts:1 file has 385 lines; crossed 250-line advisory band; maximum is 1000
packages/agent-protocol-domain/src/security.ts:1 file has 336 lines; crossed 250-line advisory band; maximum is 1000
packages/agent-protocol-domain/tests/activity-surface-adapter.test.ts:1 file has 720 lines; crossed 500-line advisory band; maximum is 1000
packages/agent-protocol-domain/tests/activity-surface-adapter.test.ts:410 function has 73 lines; warning starts at 64 of 80
packages/agent-protocol-domain/tests/activity-surface-adapter.test.ts:411 function has 71 lines; warning starts at 64 of 80
packages/agent-protocol-domain/tests/activity-surface-adapter.test.ts:501 function has 65 lines; warning starts at 64 of 80
packages/agent-protocol-domain/tests/contracts.test.ts:1 file has 460 lines; crossed 250-line advisory band; maximum is 1000
packages/agent-protocol-domain/tests/enforcement-supported-adapter-runtime-proof-adapter.test.ts:1 file has 261 lines; crossed 250-line advisory band; maximum is 1000
packages/agent-protocol-domain/tests/enforcement-supported-adapter-runtime-proof-adapter.test.ts:168 function has 68 lines; warning starts at 64 of 80
packages/agent-protocol-domain/tests/enforcement-supported-adapter-runtime-proof-adapter.test.ts:169 function has 66 lines; warning starts at 64 of 80
packages/agent-protocol-domain/tests/lan-pairing-browser-add-device-state.test.ts:1 file has 459 lines; crossed 250-line advisory band; maximum is 1000
packages/agent-protocol-domain/tests/lan-pairing-multidevice-contracts.test.ts:1 file has 351 lines; crossed 250-line advisory band; maximum is 1000
packages/agent-protocol-domain/tests/lan-signed-discovery-relay-spine.test.ts:1 file has 332 lines; crossed 250-line advisory band; maximum is 1000
packages/agent-protocol-domain/tests/parent-assistant-adapter.test.ts:1 file has 475 lines; crossed 250-line advisory band; maximum is 1000
packages/agent-protocol-domain/tests/parent-assistant-adapter.test.ts:307 function has 64 lines; warning starts at 64 of 80
packages/logging-domain/src/notification-audit-history.ts:1 file has 436 lines; crossed 250-line advisory band; maximum is 1000
packages/logging-domain/src/support-bundle-redaction.ts:1 file has 340 lines; crossed 250-line advisory band; maximum is 1000
packages/logging-domain/src/tamper-integrity-audit.ts:1 file has 293 lines; crossed 250-line advisory band; maximum is 1000
packages/parent-domain/src/app-control-catalog-data.ts:1 file has 835 lines; crossed 750-line advisory band; maximum is 1000
packages/parent-domain/src/app-control-catalog-schema.ts:1 file has 296 lines; crossed 250-line advisory band; maximum is 1000
packages/parent-domain/src/app-control-catalog.ts:1 file has 871 lines; crossed 750-line advisory band; maximum is 1000
packages/parent-domain/src/app-control-guide-catalog-data.ts:1 file has 324 lines; crossed 250-line advisory band; maximum is 1000
packages/parent-domain/src/app-game-notification-intent-rules.ts:1 file has 264 lines; crossed 250-line advisory band; maximum is 1000
packages/parent-domain/src/app-game-notification-parent-surface-intent.ts:1 file has 291 lines; crossed 250-line advisory band; maximum is 1000
packages/parent-domain/src/app-game-notification-preference-preflight.ts:1 file has 286 lines; crossed 250-line advisory band; maximum is 1000
packages/parent-domain/src/app-game-notification-preference-status-handoff.ts:1 file has 380 lines; crossed 250-line advisory band; maximum is 1000
packages/parent-domain/src/app-game-notification-provider-preflight.ts:1 file has 255 lines; crossed 250-line advisory band; maximum is 1000
packages/parent-domain/src/app-game-notification-provider-status-handoff.ts:1 file has 300 lines; crossed 250-line advisory band; maximum is 1000
packages/parent-domain/src/app-game-source-freshness-policy-consumption.ts:1 file has 315 lines; crossed 250-line advisory band; maximum is 1000
packages/parent-domain/src/app-game-source-freshness-preview-gate.ts:1 file has 286 lines; crossed 250-line advisory band; maximum is 1000
packages/parent-domain/src/app-game-source-gated-policy-preview-timer-audit-rollback-handoff.ts:1 file has 267 lines; crossed 250-line advisory band; maximum is 1000
packages/parent-domain/src/app-game-source-gated-policy-preview-timer-audit-rollback-parent-surface-intent.ts:1 file has 267 lines; crossed 250-line advisory band; maximum is 1000
packages/parent-domain/src/app-game-source-gated-policy-preview-timer-scheduler-persistence.ts:1 file has 265 lines; crossed 250-line advisory band; maximum is 1000
packages/parent-domain/src/app-game-source-gated-policy-preview-timer-service-readiness-handoff.ts:1 file has 260 lines; crossed 250-line advisory band; maximum is 1000
packages/parent-domain/src/app-game-source-gated-policy-preview-timer-service-readiness-protocol-command-handoff.ts:1 file has 324 lines; crossed 250-line advisory band; maximum is 1000
packages/parent-domain/src/app-game-source-gated-policy-preview-timer-service-readiness-protocol-handoff.ts:1 file has 271 lines; crossed 250-line advisory band; maximum is 1000
packages/parent-domain/src/app-game-source-gated-policy-preview-timer-service-readiness-protocol-read-model.ts:1 file has 262 lines; crossed 250-line advisory band; maximum is 1000
packages/parent-domain/src/app-game-source-gated-policy-preview-timer-service-readiness-read-api-handoff.ts:1 file has 293 lines; crossed 250-line advisory band; maximum is 1000
packages/parent-domain/src/app-game-source-gated-policy-preview-timer-service-readiness-read-api-response-consumer-handoff.ts:1 file has 280 lines; crossed 250-line advisory band; maximum is 1000
packages/parent-domain/src/app-game-source-gated-policy-preview-timer-service-readiness-read-api-response-handoff.ts:1 file has 301 lines; crossed 250-line advisory band; maximum is 1000
packages/parent-domain/src/app-game-source-gated-policy-preview-timer-service-readiness-read-model.ts:1 file has 261 lines; crossed 250-line advisory band; maximum is 1000
packages/parent-domain/src/app-game-source-gated-policy-preview-timer-service-readiness-response-consumer-parent-surface-handoff.ts:1 file has 303 lines; crossed 250-line advisory band; maximum is 1000
packages/parent-domain/src/app-game-source-gated-policy-preview-timer-service-readiness-response-consumer-parent-surface-read-model-handoff.ts:1 file has 319 lines; crossed 250-line advisory band; maximum is 1000
packages/parent-domain/src/app-game-source-gated-policy-preview-timer-service-readiness-response-consumer-parent-surface-status-handoff.ts:1 file has 326 lines; crossed 250-line advisory band; maximum is 1000
packages/parent-domain/src/app-game-source-gated-policy-preview-timer-service-readiness-response-consumer-parent-surface-status-read-model-handoff.ts:1 file has 352 lines; crossed 250-line advisory band; maximum is 1000
packages/parent-domain/src/app-game-source-gated-policy-preview-timer-service-readiness-response-consumer-parent-surface-status-read-model-parent-surface-handoff.ts:1 file has 296 lines; crossed 250-line advisory band; maximum is 1000
packages/parent-domain/src/app-game-source-gated-policy-preview-timer-service-readiness-response-consumer-parent-surface-status-read-model-parent-surface-read-model-handoff.ts:1 file has 297 lines; crossed 250-line advisory band; maximum is 1000
packages/parent-domain/src/app-game-source-gated-policy-preview-timer-service-readiness-response-consumer-parent-surface-status-read-model-parent-surface-read-model.ts:1 file has 279 lines; crossed 250-line advisory band; maximum is 1000
packages/parent-domain/src/app-game-source-gated-policy-preview-timer-service-readiness-service-handler-handoff.ts:1 file has 294 lines; crossed 250-line advisory band; maximum is 1000
packages/parent-domain/src/app-game-timer-service-event-handoff.ts:1 file has 272 lines; crossed 250-line advisory band; maximum is 1000
packages/parent-domain/src/app-game-timer-service-handoff.ts:1 file has 289 lines; crossed 250-line advisory band; maximum is 1000
packages/parent-domain/src/app-game-timer-service-read-api-handoff.ts:1 file has 272 lines; crossed 250-line advisory band; maximum is 1000
packages/parent-domain/src/app-game-timer-service-read-model-handoff.ts:1 file has 271 lines; crossed 250-line advisory band; maximum is 1000
packages/parent-domain/src/app-install-purchase-approval-package-sources.ts:1 file has 286 lines; crossed 250-line advisory band; maximum is 1000
packages/parent-domain/src/app-install-purchase-approval-proof.ts:1 file has 515 lines; crossed 500-line advisory band; maximum is 1000
packages/parent-domain/src/app-install-purchase-approval-report-domain-proof.ts:1 file has 282 lines; crossed 250-line advisory band; maximum is 1000
packages/parent-domain/src/app-install-purchase-approval-rules.ts:1 file has 390 lines; crossed 250-line advisory band; maximum is 1000
packages/parent-domain/src/app-install-purchase-approval.ts:1 file has 448 lines; crossed 250-line advisory band; maximum is 1000
packages/parent-domain/src/app-install-purchase-approved-api-entitlement-proof.ts:1 file has 296 lines; crossed 250-line advisory band; maximum is 1000
packages/parent-domain/src/app-install-purchase-child-artifact-delivery-proof.ts:1 file has 364 lines; crossed 250-line advisory band; maximum is 1000
packages/parent-domain/src/app-install-purchase-child-device-delivery-readiness-proof.ts:1 file has 265 lines; crossed 250-line advisory band; maximum is 1000
packages/parent-domain/src/app-install-purchase-child-device-delivery-runtime-writer-proof.ts:1 file has 367 lines; crossed 250-line advisory band; maximum is 1000
packages/parent-domain/src/app-install-purchase-limitation-summary-proof.ts:1 file has 272 lines; crossed 250-line advisory band; maximum is 1000
packages/parent-domain/src/app-install-purchase-package-source-adapter-execution-proof.ts:1 file has 374 lines; crossed 250-line advisory band; maximum is 1000
packages/parent-domain/src/app-install-purchase-package-source-capture-status-proof.ts:1 file has 453 lines; crossed 250-line advisory band; maximum is 1000
packages/parent-domain/src/app-install-purchase-parent-action-delivery-readiness-proof.ts:1 file has 333 lines; crossed 250-line advisory band; maximum is 1000
packages/parent-domain/src/app-install-purchase-parent-action-runtime-handoff-proof.ts:1 file has 292 lines; crossed 250-line advisory band; maximum is 1000
packages/parent-domain/src/app-install-purchase-parent-review-action-proof.ts:1 file has 343 lines; crossed 250-line advisory band; maximum is 1000
packages/parent-domain/src/app-install-purchase-platform-adapter-boundary-proof.ts:1 file has 296 lines; crossed 250-line advisory band; maximum is 1000
packages/parent-domain/src/app-install-purchase-platform-artifact-proof.ts:1 file has 332 lines; crossed 250-line advisory band; maximum is 1000
packages/parent-domain/src/app-install-purchase-platform-limitation-action-proof.ts:1 file has 285 lines; crossed 250-line advisory band; maximum is 1000
packages/parent-domain/src/app-install-purchase-product-claim-gate-proof.ts:1 file has 325 lines; crossed 250-line advisory band; maximum is 1000
packages/parent-domain/src/app-install-purchase-product-claim-portal-test-readiness-proof.ts:1 file has 273 lines; crossed 250-line advisory band; maximum is 1000
packages/parent-domain/src/app-install-purchase-product-claim-provider-store-proof.ts:1 file has 363 lines; crossed 250-line advisory band; maximum is 1000
packages/parent-domain/src/app-install-purchase-product-claim-safe-parent-workflow-proof.ts:1 file has 286 lines; crossed 250-line advisory band; maximum is 1000
packages/parent-domain/src/app-install-purchase-product-claim-store-handoff-proof.ts:1 file has 328 lines; crossed 250-line advisory band; maximum is 1000
packages/parent-domain/src/app-install-purchase-provider-store-execution-preflight-proof.ts:1 file has 352 lines; crossed 250-line advisory band; maximum is 1000
packages/parent-domain/src/app-install-purchase-provider-store-execution-readiness-proof.ts:1 file has 480 lines; crossed 250-line advisory band; maximum is 1000
packages/parent-domain/src/app-install-purchase-provider-store-manual-evidence-packet-proof.ts:1 file has 299 lines; crossed 250-line advisory band; maximum is 1000
packages/parent-domain/src/app-install-purchase-provider-store-report-status-proof.ts:1 file has 291 lines; crossed 250-line advisory band; maximum is 1000
packages/parent-domain/src/app-install-purchase-provider-store-report-status-runtime-proof.ts:1 file has 286 lines; crossed 250-line advisory band; maximum is 1000
packages/parent-domain/src/app-install-purchase-report-runtime-proof.ts:1 file has 310 lines; crossed 250-line advisory band; maximum is 1000
packages/parent-domain/src/app-install-purchase-report-status-read-model-handoff-proof.ts:1 file has 271 lines; crossed 250-line advisory band; maximum is 1000
packages/parent-domain/src/app-install-purchase-runtime-proof-rules.ts:1 file has 294 lines; crossed 250-line advisory band; maximum is 1000
packages/parent-domain/src/app-install-purchase-runtime-proof.ts:1 file has 314 lines; crossed 250-line advisory band; maximum is 1000
packages/parent-domain/src/app-install-purchase-runtime-report-writer-delivery-proof.ts:1 file has 301 lines; crossed 250-line advisory band; maximum is 1000
packages/parent-domain/src/app-install-purchase-runtime-writer-delivery-proof.ts:1 file has 356 lines; crossed 250-line advisory band; maximum is 1000
packages/parent-domain/src/app-install-purchase-runtime-writer-execution-delivery-proof.ts:1 file has 316 lines; crossed 250-line advisory band; maximum is 1000
packages/parent-domain/src/app-install-purchase-store-status-handoff-proof.ts:1 file has 372 lines; crossed 250-line advisory band; maximum is 1000
packages/parent-domain/src/billing-entitlement-proof.ts:1 file has 377 lines; crossed 250-line advisory band; maximum is 1000
packages/parent-domain/src/billing-entitlement-runtime-proof.ts:1 file has 456 lines; crossed 250-line advisory band; maximum is 1000
packages/parent-domain/src/billing-entitlement.ts:1 file has 301 lines; crossed 250-line advisory band; maximum is 1000
packages/parent-domain/src/billing-support-admin-status-proof.ts:1 file has 358 lines; crossed 250-line advisory band; maximum is 1000
packages/parent-domain/src/browser-control-baseline-manifest.ts:1 file has 753 lines; crossed 750-line advisory band; maximum is 1000
packages/parent-domain/src/browser-control-coverage-matrix.ts:1 file has 832 lines; crossed 750-line advisory band; maximum is 1000
packages/parent-domain/src/browser-control-full-catalog-metadata.ts:1 file has 390 lines; crossed 250-line advisory band; maximum is 1000
packages/parent-domain/src/browser-control-full-catalog-schema.ts:1 file has 254 lines; crossed 250-line advisory band; maximum is 1000
packages/parent-domain/src/browser-control-full-catalog.ts:1 file has 313 lines; crossed 250-line advisory band; maximum is 1000
packages/parent-domain/src/browser-control-manifest.ts:1 file has 342 lines; crossed 250-line advisory band; maximum is 1000
packages/parent-domain/src/browser-control-policy.ts:1 file has 840 lines; crossed 750-line advisory band; maximum is 1000
packages/parent-domain/src/browser-control-values.ts:1 file has 411 lines; crossed 250-line advisory band; maximum is 1000
packages/parent-domain/src/browser-game-account-purchase-gate.ts:1 file has 294 lines; crossed 250-line advisory band; maximum is 1000
packages/parent-domain/src/browser-game-android-ios-capability-matrix.ts:1 file has 264 lines; crossed 250-line advisory band; maximum is 1000
packages/parent-domain/src/browser-game-cloud-gaming-gate.ts:1 file has 262 lines; crossed 250-line advisory band; maximum is 1000
packages/parent-domain/src/browser-game-educational-classifier.ts:1 file has 253 lines; crossed 250-line advisory band; maximum is 1000
packages/parent-domain/src/browser-game-policy-compiler.ts:1 file has 259 lines; crossed 250-line advisory band; maximum is 1000
packages/parent-domain/src/browser-game-unblocked-site-detection.ts:1 file has 272 lines; crossed 250-line advisory band; maximum is 1000
packages/parent-domain/src/browser-game-url-shape-parser.ts:1 file has 385 lines; crossed 250-line advisory band; maximum is 1000
packages/parent-domain/src/browser-game-url-shape-parser.ts:85 function has 69 lines; warning starts at 64 of 80
packages/parent-domain/src/browser-policy-questionnaire-forest-data.ts:1 file has 893 lines; crossed 750-line advisory band; maximum is 1000
packages/parent-domain/src/browser-policy-questionnaire-forest.ts:1 file has 364 lines; crossed 250-line advisory band; maximum is 1000
packages/parent-domain/src/child-android-device-proof-artifact-gate.ts:1 file has 506 lines; crossed 500-line advisory band; maximum is 1000
packages/parent-domain/src/child-android-lifecycle-proof.ts:1 file has 348 lines; crossed 250-line advisory band; maximum is 1000
packages/parent-domain/src/child-android-permission-capability-proof.ts:1 file has 481 lines; crossed 250-line advisory band; maximum is 1000
packages/parent-domain/src/child-android-privileged-capability-proof.ts:1 file has 345 lines; crossed 250-line advisory band; maximum is 1000
packages/parent-domain/src/child-android-service-protocol-proof.ts:1 file has 342 lines; crossed 250-line advisory band; maximum is 1000
packages/parent-domain/src/child-android-storage-protocol-proof.ts:1 file has 291 lines; crossed 250-line advisory band; maximum is 1000
packages/parent-domain/src/child-ios-entitlement-capability-proof.ts:1 file has 423 lines; crossed 250-line advisory band; maximum is 1000
packages/parent-domain/src/enforcement-host-adapter-preflight.ts:1 file has 407 lines; crossed 250-line advisory band; maximum is 1000
packages/parent-domain/src/enforcement-os-adapter-product-proof.ts:1 file has 542 lines; crossed 500-line advisory band; maximum is 1000
packages/parent-domain/src/enforcement-policy-dispatch.ts:1 file has 500 lines; crossed 500-line advisory band; maximum is 1000
packages/parent-domain/src/enforcement-policy-dispatch.ts:410 function has 73 lines; warning starts at 64 of 80
packages/parent-domain/src/enforcement-process-package-identity.ts:1 file has 500 lines; crossed 500-line advisory band; maximum is 1000
packages/parent-domain/src/enforcement-readiness.ts:1 file has 341 lines; crossed 250-line advisory band; maximum is 1000
packages/parent-domain/src/enforcement.ts:1 file has 500 lines; crossed 500-line advisory band; maximum is 1000
packages/parent-domain/src/game-control-catalog-data.ts:1 file has 987 lines; crossed 750-line advisory band; maximum is 1000
packages/parent-domain/src/game-control-catalog-schema.ts:1 file has 391 lines; crossed 250-line advisory band; maximum is 1000
packages/parent-domain/src/game-control-catalog.ts:1 file has 709 lines; crossed 500-line advisory band; maximum is 1000
packages/parent-domain/src/lan-signed-discovery-relay-spine.ts:1 file has 313 lines; crossed 250-line advisory band; maximum is 1000
packages/parent-domain/src/local-ai-classifier-read-model-manual-report-proof.ts:1 file has 269 lines; crossed 250-line advisory band; maximum is 1000
packages/parent-domain/src/local-ai-contract-completeness-proof.ts:1 file has 278 lines; crossed 250-line advisory band; maximum is 1000
packages/parent-domain/src/local-ai-deterministic-classifier-proof.ts:1 file has 339 lines; crossed 250-line advisory band; maximum is 1000
packages/parent-domain/src/local-ai-parent-assistant-runtime-proof-values.ts:1 file has 448 lines; crossed 250-line advisory band; maximum is 1000
packages/parent-domain/src/local-ai-parent-assistant-runtime-proof.ts:1 file has 291 lines; crossed 250-line advisory band; maximum is 1000
packages/parent-domain/src/local-ai-remote-assistant-boundary-proof.ts:1 file has 340 lines; crossed 250-line advisory band; maximum is 1000
packages/parent-domain/src/local-ai-result-journal-sqlite-proof.ts:1 file has 309 lines; crossed 250-line advisory band; maximum is 1000
packages/parent-domain/src/local-ai-runtime-provider-proof.ts:1 file has 522 lines; crossed 500-line advisory band; maximum is 1000
packages/parent-domain/src/local-ai-runtime-status-read-model-proof.ts:1 file has 276 lines; crossed 250-line advisory band; maximum is 1000
packages/parent-domain/src/local-ai-text-inference-dry-run-proof.ts:1 file has 264 lines; crossed 250-line advisory band; maximum is 1000
packages/parent-domain/src/mobile-child-agent-capability-proof.ts:1 file has 511 lines; crossed 500-line advisory band; maximum is 1000
packages/parent-domain/src/network-control-catalog-data.ts:1 file has 443 lines; crossed 250-line advisory band; maximum is 1000
packages/parent-domain/src/network-control-catalog-metadata.ts:1 file has 388 lines; crossed 250-line advisory band; maximum is 1000
packages/parent-domain/src/network-control-catalog-schema.ts:1 file has 336 lines; crossed 250-line advisory band; maximum is 1000
packages/parent-domain/src/network-control-catalog.ts:1 file has 589 lines; crossed 500-line advisory band; maximum is 1000
packages/parent-domain/src/network-control-catalog.ts:320 function has 71 lines; warning starts at 64 of 80
packages/parent-domain/src/parent-assistant.ts:1 file has 733 lines; crossed 500-line advisory band; maximum is 1000
packages/parent-domain/src/parent-desktop-release-support-guards.ts:1 file has 385 lines; crossed 250-line advisory band; maximum is 1000
packages/parent-domain/src/parent-desktop-release-support.ts:1 file has 335 lines; crossed 250-line advisory band; maximum is 1000
packages/parent-domain/src/parent-mobile-controller-observer-handoff-runtime.ts:1 file has 469 lines; crossed 250-line advisory band; maximum is 1000
packages/parent-domain/src/parent-mobile-runtime.ts:1 file has 473 lines; crossed 250-line advisory band; maximum is 1000
packages/parent-domain/src/parent-mobile-service-bridge-runtime.ts:1 file has 580 lines; crossed 500-line advisory band; maximum is 1000
packages/parent-domain/src/parent-owned-local-export-runtime.ts:1 file has 435 lines; crossed 250-line advisory band; maximum is 1000
packages/parent-domain/src/parent-owned-sync-export.ts:1 file has 816 lines; crossed 750-line advisory band; maximum is 1000
packages/parent-domain/src/screen-ai-adapter-readiness-proof.ts:1 file has 293 lines; crossed 250-line advisory band; maximum is 1000
packages/parent-domain/src/screen-control-catalog-metadata.ts:1 file has 433 lines; crossed 250-line advisory band; maximum is 1000
packages/parent-domain/src/screen-control-catalog-schema.ts:1 file has 301 lines; crossed 250-line advisory band; maximum is 1000
packages/parent-domain/src/screen-control-catalog.ts:1 file has 287 lines; crossed 250-line advisory band; maximum is 1000
packages/parent-domain/src/stateless-report-compiler-status.ts:1 file has 522 lines; crossed 500-line advisory band; maximum is 1000
packages/parent-domain/src/tracking-android-permission-background-proof.ts:1 file has 382 lines; crossed 250-line advisory band; maximum is 1000
packages/parent-domain/src/tracking-android-status-proof.ts:1 file has 334 lines; crossed 250-line advisory band; maximum is 1000
packages/parent-domain/src/tracking-control-catalog-data.ts:1 file has 417 lines; crossed 250-line advisory band; maximum is 1000
packages/parent-domain/src/tracking-control-catalog-metadata.ts:1 file has 411 lines; crossed 250-line advisory band; maximum is 1000
packages/parent-domain/src/tracking-control-catalog-schema.ts:1 file has 344 lines; crossed 250-line advisory band; maximum is 1000
packages/parent-domain/src/tracking-control-catalog.ts:1 file has 549 lines; crossed 500-line advisory band; maximum is 1000
packages/parent-domain/src/tracking-control-catalog.ts:312 function has 66 lines; warning starts at 64 of 80
packages/parent-domain/src/tracking-escalation-readiness-proof.ts:1 file has 423 lines; crossed 250-line advisory band; maximum is 1000
packages/parent-domain/src/tracking-ios-location-manual-required-proof.ts:1 file has 485 lines; crossed 250-line advisory band; maximum is 1000
packages/parent-domain/src/tracking-location-policy.ts:1 file has 282 lines; crossed 250-line advisory band; maximum is 1000
packages/parent-domain/src/tracking-missing-device-mode-proof.ts:1 file has 427 lines; crossed 250-line advisory band; maximum is 1000
packages/parent-domain/src/tracking-notification-preference-preflight-proof.ts:1 file has 274 lines; crossed 250-line advisory band; maximum is 1000
packages/parent-domain/src/tracking-notification-receipt-boundary-proof.ts:1 file has 282 lines; crossed 250-line advisory band; maximum is 1000
packages/parent-domain/src/tracking-poi-provider-adapter.ts:1 file has 391 lines; crossed 250-line advisory band; maximum is 1000
packages/parent-domain/src/tracking-policy-compiler-runtime-proof.ts:1 file has 337 lines; crossed 250-line advisory band; maximum is 1000
packages/parent-domain/src/tracking-provider-notification-proof.ts:1 file has 315 lines; crossed 250-line advisory band; maximum is 1000
packages/parent-domain/src/tracking-report-policy-consumer-proof.ts:106 function has 66 lines; warning starts at 64 of 80
packages/parent-domain/src/tracking-retention-settings-read-model-proof.ts:1 file has 318 lines; crossed 250-line advisory band; maximum is 1000
packages/parent-domain/src/tracking-retention-settings-writer-boundary-proof.ts:1 file has 334 lines; crossed 250-line advisory band; maximum is 1000
packages/parent-domain/src/tracking-temporary-live-mode-proof.ts:1 file has 340 lines; crossed 250-line advisory band; maximum is 1000
packages/parent-domain/src/v0-8-broad-os-adapter-proof.ts:1 file has 512 lines; crossed 500-line advisory band; maximum is 1000
packages/parent-domain/src/v0-8-broad-os-adapter-runtime-proof.ts:1 file has 422 lines; crossed 250-line advisory band; maximum is 1000
packages/parent-domain/src/v0-8-browser-domain-adapter-proof.ts:1 file has 977 lines; crossed 750-line advisory band; maximum is 1000
packages/parent-domain/src/v0-8-browser-enforcement-timer-recovery-proof-values.ts:1 file has 430 lines; crossed 250-line advisory band; maximum is 1000
packages/parent-domain/src/v0-8-browser-enforcement-timer-recovery-proof.ts:1 file has 621 lines; crossed 500-line advisory band; maximum is 1000
packages/parent-domain/src/v0-8-cross-platform-enforcement-capability-proof.ts:1 file has 595 lines; crossed 500-line advisory band; maximum is 1000
packages/parent-domain/src/v0-8-enforcement-integrity-runtime-audit.ts:1 file has 697 lines; crossed 500-line advisory band; maximum is 1000
packages/parent-domain/src/v0-8-enforcement-product-control-spine.ts:1 file has 696 lines; crossed 500-line advisory band; maximum is 1000
packages/parent-domain/src/v0-8-integrity-alert-status-bridge.ts:1 file has 292 lines; crossed 250-line advisory band; maximum is 1000
packages/parent-domain/src/v0-8-notification-provider-status-boundary.ts:1 file has 348 lines; crossed 250-line advisory band; maximum is 1000
packages/parent-domain/src/v0-8-os-adapter-manual-artifact-gates.ts:1 file has 650 lines; crossed 500-line advisory band; maximum is 1000
packages/parent-domain/src/v0-8-supported-adapter-runtime-proof.ts:1 file has 688 lines; crossed 500-line advisory band; maximum is 1000
packages/parent-domain/src/v0-9-household-discovery-mobile-controller-product-proof.ts:1 file has 437 lines; crossed 250-line advisory band; maximum is 1000
packages/parent-domain/src/v0-9-household-lan-pairing-proof.ts:1 file has 339 lines; crossed 250-line advisory band; maximum is 1000
packages/parent-domain/src/v0-9-household-multi-device-proof-gates.ts:1 file has 510 lines; crossed 500-line advisory band; maximum is 1000
packages/parent-domain/src/v0-9-household-physical-proof-artifact-gate.ts:1 file has 300 lines; crossed 250-line advisory band; maximum is 1000
packages/parent-domain/src/v0-9-mobile-controller-observer-runtime.ts:1 file has 489 lines; crossed 250-line advisory band; maximum is 1000
packages/parent-domain/src/v3-notification-rule-provider-retry-contract.ts:1 file has 548 lines; crossed 500-line advisory band; maximum is 1000
packages/parent-domain/tests/app-control-policy-catalog.test.ts:1 file has 593 lines; crossed 500-line advisory band; maximum is 1000
packages/parent-domain/tests/app-game-ai-classifier-boundary.test.ts:17 function has 75 lines; warning starts at 64 of 80
packages/parent-domain/tests/app-game-notification-parent-surface-intent.test.ts:1 file has 336 lines; crossed 250-line advisory band; maximum is 1000
packages/parent-domain/tests/app-game-notification-parent-surface-intent.test.ts:56 function has 67 lines; warning starts at 64 of 80
packages/parent-domain/tests/app-game-source-gated-policy-preview-read-model.test.ts:47 function has 71 lines; warning starts at 64 of 80
packages/parent-domain/tests/app-game-source-gated-policy-preview-timer-audit-rollback-parent-surface-intent.test.ts:1 file has 264 lines; crossed 250-line advisory band; maximum is 1000
packages/parent-domain/tests/app-game-source-gated-policy-preview-timer-service-readiness-handoff.test.ts:1 file has 260 lines; crossed 250-line advisory band; maximum is 1000
packages/parent-domain/tests/app-game-source-gated-policy-preview-timer-service-readiness-handoff.test.ts:120 function has 69 lines; warning starts at 64 of 80
packages/parent-domain/tests/app-game-source-gated-policy-preview-timer-service-readiness-protocol-command-handoff.test.ts:33 function has 67 lines; warning starts at 64 of 80
packages/parent-domain/tests/app-game-source-gated-policy-preview-timer-service-readiness-protocol-handoff.test.ts:33 function has 73 lines; warning starts at 64 of 80
packages/parent-domain/tests/app-game-source-gated-policy-preview-timer-service-readiness-read-api-handoff.test.ts:29 function has 68 lines; warning starts at 64 of 80
packages/parent-domain/tests/app-game-source-gated-policy-preview-timer-service-readiness-read-model.test.ts:1 file has 276 lines; crossed 250-line advisory band; maximum is 1000
packages/parent-domain/tests/app-game-source-gated-policy-preview-timer-service-readiness-read-model.test.ts:129 function has 69 lines; warning starts at 64 of 80
packages/parent-domain/tests/app-game-source-gated-policy-preview-timer-service-readiness-response-consumer-parent-surface-read-model-handoff.test.ts:32 function has 80 lines; warning starts at 64 of 80
packages/parent-domain/tests/app-game-source-gated-policy-preview-timer-service-readiness-response-consumer-parent-surface-status-handoff.test.ts:32 function has 68 lines; warning starts at 64 of 80
packages/parent-domain/tests/app-game-source-gated-policy-preview-timer-service-readiness-response-consumer-parent-surface-status-read-model-handoff.test.ts:32 function has 80 lines; warning starts at 64 of 80
packages/parent-domain/tests/app-game-source-gated-policy-preview-timer-service-readiness-service-handler-handoff.test.ts:29 function has 68 lines; warning starts at 64 of 80
packages/parent-domain/tests/app-game-time-budget-policy-runtime.test.ts:1 file has 251 lines; crossed 250-line advisory band; maximum is 1000
packages/parent-domain/tests/app-install-purchase-approval.test.ts:1 file has 575 lines; crossed 500-line advisory band; maximum is 1000
packages/parent-domain/tests/app-install-purchase-child-artifact-delivery-proof.test.ts:17 function has 76 lines; warning starts at 64 of 80
packages/parent-domain/tests/app-install-purchase-child-artifact-delivery-proof.test.ts:18 function has 74 lines; warning starts at 64 of 80
packages/parent-domain/tests/app-install-purchase-package-source-capture-status-proof.test.ts:16 function has 68 lines; warning starts at 64 of 80
packages/parent-domain/tests/app-install-purchase-package-source-capture-status-proof.test.ts:17 function has 66 lines; warning starts at 64 of 80
packages/parent-domain/tests/app-install-purchase-provider-store-execution-readiness-proof.test.ts:16 function has 64 lines; warning starts at 64 of 80
packages/parent-domain/tests/app-install-purchase-runtime-proof.test.ts:16 function has 64 lines; warning starts at 64 of 80
packages/parent-domain/tests/billing-entitlement.test.ts:1 file has 269 lines; crossed 250-line advisory band; maximum is 1000
packages/parent-domain/tests/browser-control-contracts.test.ts:1 file has 700 lines; crossed 500-line advisory band; maximum is 1000
packages/parent-domain/tests/browser-control-contracts.test.ts:179 function has 73 lines; warning starts at 64 of 80
packages/parent-domain/tests/browser-control-contracts.test.ts:279 function has 77 lines; warning starts at 64 of 80
packages/parent-domain/tests/browser-control-full-catalog.test.ts:1 file has 420 lines; crossed 250-line advisory band; maximum is 1000
packages/parent-domain/tests/browser-game-account-purchase-gate.test.ts:1 file has 251 lines; crossed 250-line advisory band; maximum is 1000
packages/parent-domain/tests/browser-game-android-ios-capability-matrix.test.ts:1 file has 272 lines; crossed 250-line advisory band; maximum is 1000
packages/parent-domain/tests/capabilities.test.ts:12 function has 78 lines; warning starts at 64 of 80
packages/parent-domain/tests/child-android-device-proof-artifact-gate.test.ts:1 file has 505 lines; crossed 500-line advisory band; maximum is 1000
packages/parent-domain/tests/child-android-lifecycle-proof.test.ts:1 file has 324 lines; crossed 250-line advisory band; maximum is 1000
packages/parent-domain/tests/child-android-permission-capability-proof.test.ts:1 file has 439 lines; crossed 250-line advisory band; maximum is 1000
packages/parent-domain/tests/child-android-privileged-capability-proof.test.ts:1 file has 382 lines; crossed 250-line advisory band; maximum is 1000
packages/parent-domain/tests/child-android-service-protocol-proof.test.ts:1 file has 301 lines; crossed 250-line advisory band; maximum is 1000
packages/parent-domain/tests/child-android-service-protocol-proof.test.ts:142 function has 69 lines; warning starts at 64 of 80
packages/parent-domain/tests/child-android-service-protocol-proof.test.ts:212 function has 68 lines; warning starts at 64 of 80
packages/parent-domain/tests/child-android-storage-protocol-proof.test.ts:1 file has 282 lines; crossed 250-line advisory band; maximum is 1000
packages/parent-domain/tests/child-android-storage-protocol-proof.test.ts:187 function has 70 lines; warning starts at 64 of 80
packages/parent-domain/tests/child-ios-entitlement-capability-proof.test.ts:1 file has 368 lines; crossed 250-line advisory band; maximum is 1000
packages/parent-domain/tests/enforcement-host-adapter-preflight.test.ts:11 function has 78 lines; warning starts at 64 of 80
packages/parent-domain/tests/enforcement-process-package-identity.test.ts:12 function has 67 lines; warning starts at 64 of 80
packages/parent-domain/tests/enforcement-timer.test.ts:1 file has 264 lines; crossed 250-line advisory band; maximum is 1000
packages/parent-domain/tests/enforcement.test.ts:1 file has 286 lines; crossed 250-line advisory band; maximum is 1000
packages/parent-domain/tests/game-control-policy-catalog.test.ts:1 file has 293 lines; crossed 250-line advisory band; maximum is 1000
packages/parent-domain/tests/household-device-spine.test.ts:4 function has 66 lines; warning starts at 64 of 80
packages/parent-domain/tests/lan-discovery-source-matrix.test.ts:1 file has 265 lines; crossed 250-line advisory band; maximum is 1000
packages/parent-domain/tests/lan-pairing-product-proof.test.ts:1 file has 250 lines; crossed 250-line advisory band; maximum is 1000
packages/parent-domain/tests/lan-pairing.test.ts:1 file has 614 lines; crossed 500-line advisory band; maximum is 1000
packages/parent-domain/tests/lan-pairing.test.ts:138 function has 69 lines; warning starts at 64 of 80
packages/parent-domain/tests/lan-pairing.test.ts:268 function has 77 lines; warning starts at 64 of 80
packages/parent-domain/tests/lan-pairing.test.ts:463 function has 68 lines; warning starts at 64 of 80
packages/parent-domain/tests/lan-production-household-proof.test.ts:10 function has 73 lines; warning starts at 64 of 80
packages/parent-domain/tests/lan-signed-discovery-relay-spine.test.ts:1 file has 387 lines; crossed 250-line advisory band; maximum is 1000
packages/parent-domain/tests/local-ai-parent-rule-context-builder-proof.test.ts:68 function has 68 lines; warning starts at 64 of 80
packages/parent-domain/tests/local-ai-recent-memory-window-proof.test.ts:142 function has 68 lines; warning starts at 64 of 80
packages/parent-domain/tests/local-ai-runtime-status-read-model-proof.test.ts:8 function has 66 lines; warning starts at 64 of 80
packages/parent-domain/tests/local-ai-screen-summary-parent-explanation.test.ts:63 function has 67 lines; warning starts at 64 of 80
packages/parent-domain/tests/mobile-child-agent-capability-proof.test.ts:1 file has 537 lines; crossed 500-line advisory band; maximum is 1000
packages/parent-domain/tests/network-control-catalog.test.ts:1 file has 524 lines; crossed 500-line advisory band; maximum is 1000
packages/parent-domain/tests/network-control-catalog.test.ts:167 function has 72 lines; warning starts at 64 of 80
packages/parent-domain/tests/network-control-catalog.test.ts:168 function has 70 lines; warning starts at 64 of 80
packages/parent-domain/tests/parent-assistant.test.ts:1 file has 617 lines; crossed 500-line advisory band; maximum is 1000
packages/parent-domain/tests/parent-assistant.test.ts:133 function has 71 lines; warning starts at 64 of 80
packages/parent-domain/tests/parent-assistant.test.ts:319 function has 64 lines; warning starts at 64 of 80
packages/parent-domain/tests/parent-assistant.test.ts:405 function has 75 lines; warning starts at 64 of 80
packages/parent-domain/tests/parent-assistant.test.ts:481 function has 76 lines; warning starts at 64 of 80
packages/parent-domain/tests/parent-desktop-release-support-fixtures.ts:1 file has 309 lines; crossed 250-line advisory band; maximum is 1000
packages/parent-domain/tests/parent-desktop-release-support.test.ts:1 file has 328 lines; crossed 250-line advisory band; maximum is 1000
packages/parent-domain/tests/parent-desktop-release-support.test.ts:20 function has 74 lines; warning starts at 64 of 80
packages/parent-domain/tests/parent-desktop-release-support.test.ts:21 function has 72 lines; warning starts at 64 of 80
packages/parent-domain/tests/parent-mobile-controller-observer-handoff-runtime.test.ts:1 file has 376 lines; crossed 250-line advisory band; maximum is 1000
packages/parent-domain/tests/parent-mobile-runtime-fixtures.ts:1 file has 278 lines; crossed 250-line advisory band; maximum is 1000
packages/parent-domain/tests/parent-mobile-runtime.test.ts:19 function has 70 lines; warning starts at 64 of 80
packages/parent-domain/tests/parent-mobile-service-bridge-runtime.test.ts:1 file has 568 lines; crossed 500-line advisory band; maximum is 1000
packages/parent-domain/tests/production-support-data-export-delete-lifecycle-proof.test.ts:9 function has 71 lines; warning starts at 64 of 80
packages/parent-domain/tests/screen-ai-adapter-readiness-proof.test.ts:1 file has 283 lines; crossed 250-line advisory band; maximum is 1000
packages/parent-domain/tests/screen-ai-model-artifact-manifest-proof.test.ts:77 function has 70 lines; warning starts at 64 of 80
packages/parent-domain/tests/screen-ai-stricter-parent-rule-proof.test.ts:33 function has 67 lines; warning starts at 64 of 80
packages/parent-domain/tests/screen-control-policy-catalog.test.ts:1 file has 562 lines; crossed 500-line advisory band; maximum is 1000
packages/parent-domain/tests/screen-control-policy-catalog.test.ts:163 function has 65 lines; warning starts at 64 of 80
packages/parent-domain/tests/screen-family-ai-hub-runtime-discovery-proof.test.ts:49 function has 69 lines; warning starts at 64 of 80
packages/parent-domain/tests/social-android-native-app-capability-matrix.test.ts:112 function has 69 lines; warning starts at 64 of 80
packages/parent-domain/tests/social-ios-screen-time-capability-matrix.test.ts:1 file has 256 lines; crossed 250-line advisory band; maximum is 1000
packages/parent-domain/tests/tracking-control-catalog.test.ts:1 file has 621 lines; crossed 500-line advisory band; maximum is 1000
packages/parent-domain/tests/tracking-control-catalog.test.ts:187 function has 74 lines; warning starts at 64 of 80
packages/parent-domain/tests/tracking-control-catalog.test.ts:188 function has 72 lines; warning starts at 64 of 80
packages/parent-domain/tests/tracking-escalation-readiness-proof.test.ts:15 function has 69 lines; warning starts at 64 of 80
packages/parent-domain/tests/tracking-family-dashboard-rollup-proof.test.ts:11 function has 68 lines; warning starts at 64 of 80
packages/parent-domain/tests/tracking-ios-location-manual-required-proof.test.ts:26 function has 70 lines; warning starts at 64 of 80
packages/parent-domain/tests/tracking-location-policy.test.ts:1 file has 401 lines; crossed 250-line advisory band; maximum is 1000
packages/parent-domain/tests/tracking-location-policy.test.ts:313 function has 69 lines; warning starts at 64 of 80
packages/parent-domain/tests/tracking-missing-device-mode-proof.test.ts:29 function has 69 lines; warning starts at 64 of 80
packages/parent-domain/tests/tracking-notification-receipt-boundary-proof.test.ts:43 function has 74 lines; warning starts at 64 of 80
packages/parent-domain/tests/tracking-poi-provider-adapter.test.ts:54 function has 72 lines; warning starts at 64 of 80
packages/parent-domain/tests/tracking-provider-notification-proof.test.ts:29 function has 75 lines; warning starts at 64 of 80
packages/parent-domain/tests/tracking-report-policy-consumer-proof.test.ts:12 function has 64 lines; warning starts at 64 of 80
packages/parent-domain/tests/tracking-retention-settings-read-model-proof.test.ts:12 function has 65 lines; warning starts at 64 of 80
packages/parent-domain/tests/tracking-retention-settings-writer-boundary-proof.test.ts:47 function has 68 lines; warning starts at 64 of 80
packages/parent-domain/tests/tracking-temporary-live-mode-proof.test.ts:9 function has 77 lines; warning starts at 64 of 80
packages/parent-domain/tests/tracking-temporary-live-mode-proof.test.ts:87 function has 66 lines; warning starts at 64 of 80
packages/parent-domain/tests/tracking-unsupported-platform-manual-proof.test.ts:7 function has 65 lines; warning starts at 64 of 80
packages/parent-domain/tests/v0-8-browser-domain-adapter-proof.test.ts:1 file has 316 lines; crossed 250-line advisory band; maximum is 1000
packages/parent-domain/tests/v0-8-enforcement-integrity-runtime-audit.test.ts:141 function has 67 lines; warning starts at 64 of 80
packages/parent-domain/tests/v0-8-enforcement-integrity-runtime-audit.test.ts:142 function has 65 lines; warning starts at 64 of 80
packages/parent-domain/tests/v0-9-household-discovery-mobile-controller-product-proof.test.ts:1 file has 346 lines; crossed 250-line advisory band; maximum is 1000
packages/parent-domain/tests/v0-9-household-lan-pairing-proof.test.ts:1 file has 422 lines; crossed 250-line advisory band; maximum is 1000
packages/parent-domain/tests/v0-9-household-multi-device-proof-gates.test.ts:1 file has 392 lines; crossed 250-line advisory band; maximum is 1000
packages/parent-domain/tests/v0-9-mobile-controller-observer-runtime.test.ts:1 file has 522 lines; crossed 500-line advisory band; maximum is 1000
packages/portal-domain/src/app-layout.ts:1 file has 377 lines; crossed 250-line advisory band; maximum is 1000
packages/portal-domain/src/browser-child-intervention-assets.ts:1 file has 527 lines; crossed 500-line advisory band; maximum is 1000
packages/portal-domain/src/browser-child-intervention-page.ts:1 file has 483 lines; crossed 250-line advisory band; maximum is 1000
packages/portal-domain/src/browser-child-intervention-page.ts:148 function has 71 lines; warning starts at 64 of 80
packages/portal-domain/src/browser-child-intervention-page.ts:220 function has 72 lines; warning starts at 64 of 80
packages/portal-domain/src/browser-child-intervention-style.ts:1 file has 885 lines; crossed 750-line advisory band; maximum is 1000
packages/portal-domain/src/contracts.ts:1 file has 434 lines; crossed 250-line advisory band; maximum is 1000
packages/portal-domain/src/frame-tuner.ts:1 file has 989 lines; crossed 750-line advisory band; maximum is 1000
packages/portal-domain/src/parent-assistant-chat.ts:1 file has 632 lines; crossed 500-line advisory band; maximum is 1000
packages/portal-domain/src/parent-portal-data.ts:1 file has 740 lines; crossed 500-line advisory band; maximum is 1000
packages/portal-domain/src/parent-portal-guide-controls.ts:1 file has 754 lines; crossed 750-line advisory band; maximum is 1000
packages/portal-domain/src/parent-portal-guide-operations.ts:1 file has 290 lines; crossed 250-line advisory band; maximum is 1000
packages/portal-domain/src/parent-portal-manage-data.ts:1 file has 685 lines; crossed 500-line advisory band; maximum is 1000
packages/portal-domain/src/parent-portal-nav.ts:1 file has 350 lines; crossed 250-line advisory band; maximum is 1000
packages/portal-domain/src/parent-portal-product-shell-row-signals.ts:1 file has 329 lines; crossed 250-line advisory band; maximum is 1000
packages/portal-domain/src/parent-portal-service-state-rows.ts:1 file has 346 lines; crossed 250-line advisory band; maximum is 1000
packages/portal-domain/src/portal-background.ts:1 file has 255 lines; crossed 250-line advisory band; maximum is 1000
packages/portal-domain/src/routes.ts:1 file has 495 lines; crossed 250-line advisory band; maximum is 1000
packages/portal-domain/tests/contracts.test.ts:1 file has 596 lines; crossed 500-line advisory band; maximum is 1000
packages/portal-domain/tests/contracts.test.ts:199 function has 76 lines; warning starts at 64 of 80
packages/portal-domain/tests/contracts.test.ts:200 function has 74 lines; warning starts at 64 of 80
packages/portal-domain/tests/parent-portal-service-state.test.ts:1 file has 499 lines; crossed 250-line advisory band; maximum is 1000
packages/text-domain/src/portal-dev.ts:1 file has 425 lines; crossed 250-line advisory band; maximum is 1000
packages/text-domain/tests/portal-dev.test.ts:11 function has 68 lines; warning starts at 64 of 80
packages/text-domain/tests/portal-dev.test.ts:12 function has 66 lines; warning starts at 64 of 80
crates/agent-core/src/activity_store.rs:1 file has 15 functions; warning starts at 15 of 18
crates/agent-core/src/activity_store_app_game/app_game_journal_sqlite_ingest/read_model.rs:1 file has 250 lines; crossed 250-line advisory band; maximum is 1000
crates/agent-core/src/activity_store_app_game/app_game_journal_sqlite_ingest.rs:1 file has 361 lines; crossed 250-line advisory band; maximum is 1000
crates/agent-core/src/activity_store_app_game/app_game_journal_sqlite_ingest_tests.rs:1 file has 411 lines; crossed 250-line advisory band; maximum is 1000
crates/agent-core/src/activity_store_app_game/app_game_journal_sqlite_ingest_tests.rs:36 function has 64 lines; warning starts at 64 of 80
crates/agent-core/src/activity_store_app_game/app_game_journal_sqlite_protocol_rows_tests.rs:1 file has 487 lines; crossed 250-line advisory band; maximum is 1000
crates/agent-core/src/activity_store_app_game/app_game_journal_sqlite_protocol_rows_tests.rs:1 file has 16 functions; warning starts at 15 of 18
crates/agent-core/src/activity_store_app_game/app_game_journal_sqlite_protocol_rows_tests.rs:97 function has 68 lines; warning starts at 64 of 80
crates/agent-core/src/activity_store_app_game/app_game_sessionization.rs:1 file has 327 lines; crossed 250-line advisory band; maximum is 1000
crates/agent-core/src/activity_store_app_game/app_game_sessionization.rs:1 file has 18 functions; warning starts at 15 of 18
crates/agent-core/src/activity_store_app_game/app_game_windows_foreground.rs:1 file has 273 lines; crossed 250-line advisory band; maximum is 1000
crates/agent-core/src/activity_store_app_game/app_game_windows_foreground.rs:1 file has 18 functions; warning starts at 15 of 18
crates/agent-core/src/activity_store_app_game/app_game_windows_foreground_tests.rs:1 file has 371 lines; crossed 250-line advisory band; maximum is 1000
crates/agent-core/src/activity_store_app_game/app_game_windows_inventory_source.rs:1 file has 15 functions; warning starts at 15 of 18
crates/agent-core/src/activity_store_app_game/app_game_windows_process_runtime.rs:1 file has 289 lines; crossed 250-line advisory band; maximum is 1000
crates/agent-core/src/activity_store_app_game/app_game_windows_process_runtime.rs:1 file has 18 functions; warning starts at 15 of 18
crates/agent-core/src/activity_store_app_game/app_game_windows_process_runtime_tests.rs:1 file has 275 lines; crossed 250-line advisory band; maximum is 1000
crates/agent-core/src/activity_store_app_game/app_game_windows_process_source.rs:1 file has 17 functions; warning starts at 15 of 18
crates/agent-core/src/activity_store_app_game/app_game_windows_registry_source_test_support.rs:1 file has 16 functions; warning starts at 15 of 18
crates/agent-core/src/activity_store_app_game/app_game_windows_store_package_source_tests.rs:1 file has 15 functions; warning starts at 15 of 18
crates/agent-core/src/activity_store_browser_intervention/fields.rs:1 file has 18 functions; warning starts at 15 of 18
crates/agent-core/src/activity_store_browser_intervention.rs:1 file has 404 lines; crossed 250-line advisory band; maximum is 1000
crates/agent-core/src/activity_store_browser_intervention_tests.rs:1 file has 421 lines; crossed 250-line advisory band; maximum is 1000
crates/agent-core/src/activity_store_browser_intervention_tests.rs:18 function has 79 lines; warning starts at 64 of 80
crates/agent-core/src/activity_store_browser_tests.rs:1 file has 330 lines; crossed 250-line advisory band; maximum is 1000
crates/agent-core/src/activity_store_memory_graph_nodes.rs:1 file has 15 functions; warning starts at 15 of 18
crates/agent-core/src/activity_store_screen_evidence_tests.rs:1 file has 296 lines; crossed 250-line advisory band; maximum is 1000
crates/agent-core/src/activity_store_tests.rs:1 file has 264 lines; crossed 250-line advisory band; maximum is 1000
crates/agent-core/src/activity_store_tests.rs:92 function has 67 lines; warning starts at 64 of 80
crates/agent-core/src/browser_bridge_poll.rs:1 file has 261 lines; crossed 250-line advisory band; maximum is 1000
crates/agent-core/src/browser_bridge_tests.rs:1 file has 278 lines; crossed 250-line advisory band; maximum is 1000
crates/agent-core/src/browser_bridge_tests.rs:66 function has 66 lines; warning starts at 64 of 80
crates/agent-core/src/browser_intervention_event.rs:1 file has 277 lines; crossed 250-line advisory band; maximum is 1000
crates/agent-core/src/browser_intervention_event.rs:44 function has 75 lines; warning starts at 64 of 80
crates/agent-core/src/browser_managed_session.rs:1 file has 457 lines; crossed 250-line advisory band; maximum is 1000
crates/agent-core/src/browser_managed_session.rs:1 file has 16 functions; warning starts at 15 of 18
crates/agent-core/src/browser_managed_session_tests.rs:1 file has 470 lines; crossed 250-line advisory band; maximum is 1000
crates/agent-core/src/browser_managed_session_tests.rs:1 file has 17 functions; warning starts at 15 of 18
crates/agent-core/src/browser_windows_inventory.rs:1 file has 494 lines; crossed 250-line advisory band; maximum is 1000
crates/agent-core/src/browser_windows_inventory.rs:1 file has 18 functions; warning starts at 15 of 18
crates/agent-core/src/browser_windows_inventory_paths.rs:1 file has 371 lines; crossed 250-line advisory band; maximum is 1000
crates/agent-core/src/browser_windows_inventory_paths.rs:1 file has 16 functions; warning starts at 15 of 18
crates/agent-core/src/browser_windows_inventory_tests.rs:1 file has 591 lines; crossed 500-line advisory band; maximum is 1000
crates/agent-core/src/browser_windows_inventory_tests.rs:1 file has 18 functions; warning starts at 15 of 18
crates/agent-core/src/enforcement_adapter.rs:1 file has 292 lines; crossed 250-line advisory band; maximum is 1000
crates/agent-core/src/enforcement_adapter.rs:1 file has 16 functions; warning starts at 15 of 18
crates/agent-core/src/enforcement_app_time_limit_tests.rs:1 file has 438 lines; crossed 250-line advisory band; maximum is 1000
crates/agent-core/src/enforcement_app_time_limit_tests.rs:1 file has 16 functions; warning starts at 15 of 18
crates/agent-core/src/enforcement_app_time_limit_tests.rs:134 function has 77 lines; warning starts at 64 of 80
crates/agent-core/src/enforcement_boundary.rs:1 file has 495 lines; crossed 250-line advisory band; maximum is 1000
crates/agent-core/src/enforcement_boundary.rs:1 file has 17 functions; warning starts at 15 of 18
crates/agent-core/src/enforcement_readiness.rs:1 file has 322 lines; crossed 250-line advisory band; maximum is 1000
crates/agent-core/src/enforcement_readiness.rs:1 file has 18 functions; warning starts at 15 of 18
crates/agent-core/src/enforcement_tests.rs:1 file has 421 lines; crossed 250-line advisory band; maximum is 1000
crates/agent-core/src/enforcement_tests.rs:1 file has 18 functions; warning starts at 15 of 18
crates/agent-core/src/enforcement_timer_state.rs:1 file has 354 lines; crossed 250-line advisory band; maximum is 1000
crates/agent-core/src/enforcement_timer_state.rs:1 file has 18 functions; warning starts at 15 of 18
crates/agent-core/src/enforcement_timer_state_tests.rs:1 file has 348 lines; crossed 250-line advisory band; maximum is 1000
crates/agent-core/src/enforcement_timer_state_tests.rs:1 file has 17 functions; warning starts at 15 of 18
crates/agent-core/src/enforcement_unavailable_adapter_tests.rs:1 file has 256 lines; crossed 250-line advisory band; maximum is 1000
crates/agent-core/src/lib.rs:1 file has 275 lines; crossed 250-line advisory band; maximum is 1000
crates/agent-core/src/network_event_runtime/broker_delivery.rs:48 function has 68 lines; warning starts at 64 of 80
crates/agent-core/src/network_event_runtime/remote_delivery_receipt_ledger.rs:16 function has 65 lines; warning starts at 64 of 80
crates/agent-core/src/network_event_runtime/remote_delivery_status.rs:62 function has 73 lines; warning starts at 64 of 80
crates/agent-core/src/network_event_runtime.rs:1 file has 332 lines; crossed 250-line advisory band; maximum is 1000
crates/agent-core/src/network_event_runtime_remote_delivery_tests.rs:1 file has 312 lines; crossed 250-line advisory band; maximum is 1000
crates/agent-core/src/network_event_runtime_remote_delivery_tests.rs:16 function has 77 lines; warning starts at 64 of 80
crates/agent-core/src/network_event_runtime_remote_delivery_tests.rs:204 function has 66 lines; warning starts at 64 of 80
crates/agent-core/src/network_event_runtime_tests.rs:1 file has 434 lines; crossed 250-line advisory band; maximum is 1000
crates/agent-core/src/network_event_runtime_tests.rs:1 file has 17 functions; warning starts at 15 of 18
crates/agent-core/src/screen_evidence_queue.rs:1 file has 289 lines; crossed 250-line advisory band; maximum is 1000
crates/agent-core/src/screen_evidence_queue_tests.rs:1 file has 252 lines; crossed 250-line advisory band; maximum is 1000
crates/agent-core/src/trusted_device_registry.rs:1 file has 16 functions; warning starts at 15 of 18
crates/agent-core/src/trusted_device_registry.rs:167 function has 64 lines; warning starts at 64 of 80
crates/agent-core/src/trusted_device_registry_tests.rs:1 file has 434 lines; crossed 250-line advisory band; maximum is 1000
crates/agent-core/src/trusted_device_registry_tests.rs:56 function has 68 lines; warning starts at 64 of 80
crates/agent-core/src/trusted_device_registry_tests.rs:188 function has 78 lines; warning starts at 64 of 80
crates/agent-core/src/trusted_device_registry_tests.rs:268 function has 65 lines; warning starts at 64 of 80
crates/agent-protocol/src/activity_surface.rs:1 file has 410 lines; crossed 250-line advisory band; maximum is 1000
crates/agent-protocol/src/activity_surface.rs:1 file has 24 structs/enums; warning starts at 20 of 24
crates/agent-protocol/src/activity_surface_tests.rs:1 file has 446 lines; crossed 250-line advisory band; maximum is 1000
crates/agent-protocol/src/activity_surface_tests.rs:106 function has 69 lines; warning starts at 64 of 80
crates/agent-protocol/src/activity_tests.rs:111 function has 77 lines; warning starts at 64 of 80
crates/agent-protocol/src/app_game.rs:1 file has 621 lines; crossed 500-line advisory band; maximum is 1000
crates/agent-protocol/src/app_game_authority_classifier.rs:1 file has 360 lines; crossed 250-line advisory band; maximum is 1000
crates/agent-protocol/src/app_game_authority_classifier_tests.rs:1 file has 425 lines; crossed 250-line advisory band; maximum is 1000
crates/agent-protocol/src/app_game_tests.rs:1 file has 609 lines; crossed 500-line advisory band; maximum is 1000
crates/agent-protocol/src/app_game_tests.rs:1 file has 18 functions; warning starts at 15 of 18
crates/agent-protocol/src/browser_intervention_parse.rs:1 file has 308 lines; crossed 250-line advisory band; maximum is 1000
crates/agent-protocol/src/browser_intervention_values.rs:1 file has 480 lines; crossed 250-line advisory band; maximum is 1000
crates/agent-protocol/src/browser_inventory.rs:1 file has 334 lines; crossed 250-line advisory band; maximum is 1000
crates/agent-protocol/src/browser_managed.rs:1 file has 312 lines; crossed 250-line advisory band; maximum is 1000
crates/agent-protocol/src/browser_policy_catalog_values.rs:1 file has 382 lines; crossed 250-line advisory band; maximum is 1000
crates/agent-protocol/src/browser_policy_catalog_values.rs:1 file has 21 structs/enums; warning starts at 20 of 24
crates/agent-protocol/src/browser_policy_model.rs:1 file has 330 lines; crossed 250-line advisory band; maximum is 1000
crates/agent-protocol/src/browser_policy_tests.rs:15 function has 64 lines; warning starts at 64 of 80
crates/agent-protocol/src/browser_policy_values.rs:1 file has 388 lines; crossed 250-line advisory band; maximum is 1000
crates/agent-protocol/src/browser_values.rs:1 file has 277 lines; crossed 250-line advisory band; maximum is 1000
crates/agent-protocol/src/constants/browser.rs:1 file has 493 lines; crossed 250-line advisory band; maximum is 1000
crates/agent-protocol/src/constants/field.rs:1 file has 390 lines; crossed 250-line advisory band; maximum is 1000
crates/agent-protocol/src/constants/lan_pairing.rs:1 file has 460 lines; crossed 250-line advisory band; maximum is 1000
crates/agent-protocol/src/constants/v08_browser_domain_adapter_proof.rs:1 file has 260 lines; crossed 250-line advisory band; maximum is 1000
crates/agent-protocol/src/constants.rs:1 file has 567 lines; crossed 500-line advisory band; maximum is 1000
crates/agent-protocol/src/enforcement.rs:1 file has 536 lines; crossed 500-line advisory band; maximum is 1000
crates/agent-protocol/src/enforcement.rs:1 file has 22 structs/enums; warning starts at 20 of 24
crates/agent-protocol/src/enforcement_broad_adapter_proof_tests.rs:65 function has 65 lines; warning starts at 64 of 80
crates/agent-protocol/src/enforcement_browser_domain_adapter_proof.rs:1 file has 390 lines; crossed 250-line advisory band; maximum is 1000
crates/agent-protocol/src/enforcement_integrity_runtime_audit_tests.rs:45 function has 68 lines; warning starts at 64 of 80
crates/agent-protocol/src/enforcement_policy_dispatch.rs:1 file has 277 lines; crossed 250-line advisory band; maximum is 1000
crates/agent-protocol/src/enforcement_policy_dispatch_tests.rs:106 function has 77 lines; warning starts at 64 of 80
crates/agent-protocol/src/enforcement_product_control_spine.rs:1 file has 320 lines; crossed 250-line advisory band; maximum is 1000
crates/agent-protocol/src/enforcement_product_control_spine_tests.rs:82 function has 72 lines; warning starts at 64 of 80
crates/agent-protocol/src/enforcement_supported_adapter_runtime_proof.rs:1 file has 275 lines; crossed 250-line advisory band; maximum is 1000
crates/agent-protocol/src/enforcement_tests.rs:1 file has 508 lines; crossed 500-line advisory band; maximum is 1000
crates/agent-protocol/src/enforcement_tests.rs:1 file has 16 functions; warning starts at 15 of 18
crates/agent-protocol/src/enforcement_tests.rs:77 function has 69 lines; warning starts at 64 of 80
crates/agent-protocol/src/lan_pairing/household_proof_tests.rs:1 file has 331 lines; crossed 250-line advisory band; maximum is 1000
crates/agent-protocol/src/lan_pairing.rs:1 file has 380 lines; crossed 250-line advisory band; maximum is 1000
crates/agent-protocol/src/lan_pairing.rs:1 file has 24 structs/enums; warning starts at 20 of 24
crates/agent-protocol/src/lan_pairing_browser_add_device_state.rs:1 file has 330 lines; crossed 250-line advisory band; maximum is 1000
crates/agent-protocol/src/lan_pairing_browser_add_device_state.rs:1 file has 22 structs/enums; warning starts at 20 of 24
crates/agent-protocol/src/lan_pairing_browser_add_device_state_tests/production_household_proof_test_support.rs:1 file has 328 lines; crossed 250-line advisory band; maximum is 1000
crates/agent-protocol/src/lan_pairing_browser_add_device_state_tests/signed_discovery_relay_spine_test_support.rs:1 file has 416 lines; crossed 250-line advisory band; maximum is 1000
crates/agent-protocol/src/lan_pairing_browser_add_device_state_tests/signed_discovery_relay_spine_test_support.rs:1 file has 16 functions; warning starts at 15 of 18
crates/agent-protocol/src/lan_pairing_tests.rs:1 file has 603 lines; crossed 500-line advisory band; maximum is 1000
crates/agent-protocol/src/lan_pairing_tests.rs:1 file has 18 functions; warning starts at 15 of 18
crates/agent-protocol/src/lan_pairing_tests.rs:102 function has 73 lines; warning starts at 64 of 80
crates/agent-protocol/src/lan_pairing_tests.rs:431 function has 68 lines; warning starts at 64 of 80
crates/agent-protocol/src/network_flow_events.rs:1 file has 293 lines; crossed 250-line advisory band; maximum is 1000
crates/agent-protocol/src/network_flow_events.rs:1 file has 21 structs/enums; warning starts at 20 of 24
crates/agent-protocol/src/network_flow_event_fixtures.rs:1 file has 15 functions; warning starts at 15 of 18
crates/agent-protocol/src/network_flow_tests.rs:1 file has 329 lines; crossed 250-line advisory band; maximum is 1000
crates/agent-protocol/src/parent_assistant.rs:1 file has 346 lines; crossed 250-line advisory band; maximum is 1000
crates/agent-protocol/src/parent_assistant.rs:1 file has 24 structs/enums; warning starts at 20 of 24
crates/agent-protocol/src/parent_assistant_tests.rs:1 file has 468 lines; crossed 250-line advisory band; maximum is 1000
crates/agent-protocol/src/parent_assistant_tests.rs:1 file has 17 functions; warning starts at 15 of 18
crates/agent-protocol/src/screen_evidence.rs:1 file has 273 lines; crossed 250-line advisory band; maximum is 1000
crates/agent-protocol/src/transport.rs:1 file has 355 lines; crossed 250-line advisory band; maximum is 1000
crates/agent-service/src/activity_api/app_game_boundary_read_model_payload.rs:1 file has 15 functions; warning starts at 15 of 18
crates/agent-service/src/activity_api/app_game_notification_readiness_payload.rs:1 file has 299 lines; crossed 250-line advisory band; maximum is 1000
crates/agent-service/src/activity_api/app_game_notification_readiness_payload.rs:1 file has 18 functions; warning starts at 15 of 18
crates/agent-service/src/activity_api/app_game_notification_readiness_payload_tests.rs:1 file has 266 lines; crossed 250-line advisory band; maximum is 1000
crates/agent-service/src/activity_api/app_game_notification_readiness_payload_tests.rs:36 function has 67 lines; warning starts at 64 of 80
crates/agent-service/src/activity_api/app_game_policy_readiness_payload.rs:1 file has 281 lines; crossed 250-line advisory band; maximum is 1000
crates/agent-service/src/activity_api/app_game_policy_readiness_payload.rs:1 file has 17 functions; warning starts at 15 of 18
crates/agent-service/src/activity_api/app_game_policy_readiness_payload_tests.rs:1 file has 267 lines; crossed 250-line advisory band; maximum is 1000
crates/agent-service/src/activity_api/app_game_policy_readiness_payload_tests.rs:36 function has 68 lines; warning starts at 64 of 80
crates/agent-service/src/activity_api.rs:1 file has 396 lines; crossed 250-line advisory band; maximum is 1000
crates/agent-service/src/activity_api.rs:1 file has 18 functions; warning starts at 15 of 18
crates/agent-service/src/activity_capture_tests/inventory.rs:1 file has 369 lines; crossed 250-line advisory band; maximum is 1000
crates/agent-service/src/activity_capture_tests/inventory.rs:1 file has 17 functions; warning starts at 15 of 18
crates/agent-service/src/activity_capture_tests/inventory.rs:90 function has 65 lines; warning starts at 64 of 80
crates/agent-service/src/activity_capture_tests.rs:1 file has 256 lines; crossed 250-line advisory band; maximum is 1000
crates/agent-service/src/activity_family_sources_tests.rs:1 file has 251 lines; crossed 250-line advisory band; maximum is 1000
crates/agent-service/src/activity_network_flow_payload.rs:1 file has 253 lines; crossed 250-line advisory band; maximum is 1000
crates/agent-service/src/activity_network_flow_payload.rs:32 function has 68 lines; warning starts at 64 of 80
crates/agent-service/src/activity_surface_adapter_tests.rs:1 file has 377 lines; crossed 250-line advisory band; maximum is 1000
crates/agent-service/src/activity_surface_adapter_tests.rs:1 file has 18 functions; warning starts at 15 of 18
crates/agent-service/src/activity_surface_read_models/app_game_boundary_evidence_tests.rs:1 file has 426 lines; crossed 250-line advisory band; maximum is 1000
crates/agent-service/src/activity_surface_read_models/app_game_boundary_evidence_tests.rs:1 file has 18 functions; warning starts at 15 of 18
crates/agent-service/src/activity_surface_read_models/app_game_source_status_tests.rs:1 file has 385 lines; crossed 250-line advisory band; maximum is 1000
crates/agent-service/src/activity_surface_read_models/app_game_source_status_tests.rs:1 file has 15 functions; warning starts at 15 of 18
crates/agent-service/src/activity_surface_read_models/app_use.rs:1 file has 368 lines; crossed 250-line advisory band; maximum is 1000
crates/agent-service/src/activity_surface_read_models/app_use.rs:1 file has 18 functions; warning starts at 15 of 18
crates/agent-service/src/activity_surface_read_models/app_use.rs:104 function has 79 lines; warning starts at 64 of 80
crates/agent-service/src/activity_surface_read_models/games.rs:1 file has 312 lines; crossed 250-line advisory band; maximum is 1000
crates/agent-service/src/activity_surface_read_models/games.rs:1 file has 16 functions; warning starts at 15 of 18
crates/agent-service/src/activity_surface_read_models/games.rs:56 function has 78 lines; warning starts at 64 of 80
crates/agent-service/src/activity_surface_report.rs:1 file has 269 lines; crossed 250-line advisory band; maximum is 1000
crates/agent-service/src/activity_surface_report_store.rs:1 file has 309 lines; crossed 250-line advisory band; maximum is 1000
crates/agent-service/src/activity_surface_report_store.rs:1 file has 15 functions; warning starts at 15 of 18
crates/agent-service/src/activity_surface_report_store_tests.rs:1 file has 368 lines; crossed 250-line advisory band; maximum is 1000
crates/agent-service/src/activity_surface_report_store_tests.rs:1 file has 18 functions; warning starts at 15 of 18
crates/agent-service/src/activity_surface_report_store_tests.rs:22 function has 70 lines; warning starts at 64 of 80
crates/agent-service/src/browser_inventory_read_model.rs:1 file has 312 lines; crossed 250-line advisory band; maximum is 1000
crates/agent-service/src/browser_inventory_read_model.rs:1 file has 17 functions; warning starts at 15 of 18
crates/agent-service/src/browser_inventory_read_model_tests.rs:1 file has 295 lines; crossed 250-line advisory band; maximum is 1000
crates/agent-service/src/browser_payload.rs:1 file has 327 lines; crossed 250-line advisory band; maximum is 1000
crates/agent-service/src/browser_payload.rs:149 function has 80 lines; warning starts at 64 of 80
crates/agent-service/src/browser_policy_api_tests.rs:1 file has 492 lines; crossed 250-line advisory band; maximum is 1000
crates/agent-service/src/browser_policy_api_tests.rs:1 file has 18 functions; warning starts at 15 of 18
crates/agent-service/src/browser_policy_compiler.rs:1 file has 256 lines; crossed 250-line advisory band; maximum is 1000
crates/agent-service/src/browser_policy_compiler.rs:73 function has 80 lines; warning starts at 64 of 80
crates/agent-service/src/browser_policy_compiler_assessment.rs:1 file has 327 lines; crossed 250-line advisory band; maximum is 1000
crates/agent-service/src/browser_policy_compiler_assessment.rs:1 file has 18 functions; warning starts at 15 of 18
crates/agent-service/src/browser_policy_compiler_tests.rs:1 file has 385 lines; crossed 250-line advisory band; maximum is 1000
crates/agent-service/src/browser_policy_compiler_tests.rs:1 file has 18 functions; warning starts at 15 of 18
crates/agent-service/src/browser_policy_manifest_patch_tests.rs:1 file has 595 lines; crossed 500-line advisory band; maximum is 1000
crates/agent-service/src/browser_policy_manifest_patch_tests.rs:1 file has 18 functions; warning starts at 15 of 18
crates/agent-service/src/browser_policy_manifest_patch_tests.rs:83 function has 79 lines; warning starts at 64 of 80
crates/agent-service/src/browser_policy_manifest_patch_tests.rs:406 function has 75 lines; warning starts at 64 of 80
crates/agent-service/src/browser_policy_request.rs:1 file has 633 lines; crossed 500-line advisory band; maximum is 1000
crates/agent-service/src/browser_policy_request.rs:1 file has 18 functions; warning starts at 15 of 18
crates/agent-service/src/browser_policy_request.rs:108 function has 74 lines; warning starts at 64 of 80
crates/agent-service/src/browser_policy_request.rs:183 function has 80 lines; warning starts at 64 of 80
crates/agent-service/src/browser_policy_request.rs:475 function has 70 lines; warning starts at 64 of 80
crates/agent-service/src/browser_policy_runtime.rs:1 file has 428 lines; crossed 250-line advisory band; maximum is 1000
crates/agent-service/src/browser_policy_runtime.rs:276 function has 65 lines; warning starts at 64 of 80
crates/agent-service/src/browser_policy_runtime_support.rs:1 file has 271 lines; crossed 250-line advisory band; maximum is 1000
crates/agent-service/src/browser_policy_runtime_support.rs:1 file has 16 functions; warning starts at 15 of 18
crates/agent-service/src/browser_runtime_tests.rs:1 file has 256 lines; crossed 250-line advisory band; maximum is 1000
crates/agent-service/src/enforcement_api/enforcement_broad_adapter_proof_read_model.rs:1 file has 408 lines; crossed 250-line advisory band; maximum is 1000
crates/agent-service/src/enforcement_api/enforcement_integrity_runtime_audit_read_model.rs:1 file has 457 lines; crossed 250-line advisory band; maximum is 1000
crates/agent-service/src/enforcement_api/enforcement_integrity_runtime_audit_read_model_tests.rs:1 file has 325 lines; crossed 250-line advisory band; maximum is 1000
crates/agent-service/src/enforcement_api/enforcement_supported_adapter_runtime_proof_read_model.rs:1 file has 515 lines; crossed 500-line advisory band; maximum is 1000
crates/agent-service/src/enforcement_api/enforcement_supported_adapter_runtime_proof_read_model.rs:1 file has 16 functions; warning starts at 15 of 18
crates/agent-service/src/enforcement_api/enforcement_supported_adapter_runtime_proof_read_model_tests.rs:1 file has 292 lines; crossed 250-line advisory band; maximum is 1000
crates/agent-service/src/enforcement_api/integrity_alert_status_bridge_read_model.rs:45 function has 76 lines; warning starts at 64 of 80
crates/agent-service/src/enforcement_api.rs:1 file has 444 lines; crossed 250-line advisory band; maximum is 1000
crates/agent-service/src/enforcement_api.rs:1 file has 18 functions; warning starts at 15 of 18
crates/agent-service/src/enforcement_api.rs:261 function has 74 lines; warning starts at 64 of 80
crates/agent-service/src/enforcement_browser_domain_adapter_proof_read_model.rs:1 file has 494 lines; crossed 250-line advisory band; maximum is 1000
crates/agent-service/src/enforcement_browser_domain_adapter_proof_read_model.rs:1 file has 16 functions; warning starts at 15 of 18
crates/agent-service/src/enforcement_browser_domain_adapter_proof_read_model.rs:68 function has 74 lines; warning starts at 64 of 80
crates/agent-service/src/enforcement_browser_domain_adapter_proof_read_model_tests.rs:1 file has 311 lines; crossed 250-line advisory band; maximum is 1000
crates/agent-service/src/enforcement_cross_platform_capability_proof_read_model.rs:1 file has 400 lines; crossed 250-line advisory band; maximum is 1000
crates/agent-service/src/enforcement_cross_platform_capability_proof_read_model.rs:54 function has 65 lines; warning starts at 64 of 80
crates/agent-service/src/enforcement_os_adapter_product_proof_read_model/product_control_spine/surface_entries.rs:1 file has 431 lines; crossed 250-line advisory band; maximum is 1000
crates/agent-service/src/enforcement_os_adapter_product_proof_read_model/product_control_spine/surface_entries.rs:1 file has 16 functions; warning starts at 15 of 18
crates/agent-service/src/enforcement_os_adapter_product_proof_read_model.rs:1 file has 533 lines; crossed 500-line advisory band; maximum is 1000
crates/agent-service/src/enforcement_os_adapter_product_proof_read_model.rs:1 file has 17 functions; warning starts at 15 of 18
crates/agent-service/src/enforcement_os_adapter_product_proof_read_model.rs:178 function has 71 lines; warning starts at 64 of 80
crates/agent-service/src/enforcement_os_adapter_product_proof_read_model_tests.rs:1 file has 18 functions; warning starts at 15 of 18
crates/agent-service/src/enforcement_payload.rs:1 file has 356 lines; crossed 250-line advisory band; maximum is 1000
crates/agent-service/src/enforcement_payload.rs:1 file has 18 functions; warning starts at 15 of 18
crates/agent-service/src/enforcement_policy_dispatch_read_model.rs:1 file has 333 lines; crossed 250-line advisory band; maximum is 1000
crates/agent-service/src/enforcement_tests.rs:1 file has 493 lines; crossed 250-line advisory band; maximum is 1000
crates/agent-service/src/enforcement_tests.rs:1 file has 17 functions; warning starts at 15 of 18
crates/agent-service/src/enforcement_tests.rs:15 function has 75 lines; warning starts at 64 of 80
crates/agent-service/src/enforcement_tests.rs:318 function has 72 lines; warning starts at 64 of 80
crates/agent-service/src/enforcement_timer_expiry_tests.rs:1 file has 359 lines; crossed 250-line advisory band; maximum is 1000
crates/agent-service/src/enforcement_timer_expiry_tests.rs:1 file has 17 functions; warning starts at 15 of 18
crates/agent-service/src/enforcement_timer_expiry_tests.rs:70 function has 65 lines; warning starts at 64 of 80
crates/agent-service/src/enforcement_timer_tests.rs:1 file has 334 lines; crossed 250-line advisory band; maximum is 1000
crates/agent-service/src/enforcement_timer_tests.rs:1 file has 16 functions; warning starts at 15 of 18
crates/agent-service/src/enforcement_timer_tests.rs:16 function has 68 lines; warning starts at 64 of 80
crates/agent-service/src/host_identity_read_model.rs:1 file has 263 lines; crossed 250-line advisory band; maximum is 1000
crates/agent-service/src/lan_network_inventory.rs:1 file has 403 lines; crossed 250-line advisory band; maximum is 1000
crates/agent-service/src/lan_network_inventory.rs:1 file has 18 functions; warning starts at 15 of 18
crates/agent-service/src/lan_network_inventory.rs:75 function has 77 lines; warning starts at 64 of 80
crates/agent-service/src/lan_network_inventory_hardware.rs:1 file has 254 lines; crossed 250-line advisory band; maximum is 1000
crates/agent-service/src/lan_network_inventory_hardware.rs:1 file has 18 functions; warning starts at 15 of 18
crates/agent-service/src/lan_pairing/controller_lease.rs:1 file has 280 lines; crossed 250-line advisory band; maximum is 1000
crates/agent-service/src/lan_pairing/controller_lease_tests.rs:1 file has 299 lines; crossed 250-line advisory band; maximum is 1000
crates/agent-service/src/lan_pairing/lan_ai_job.rs:1 file has 430 lines; crossed 250-line advisory band; maximum is 1000
crates/agent-service/src/lan_pairing/lan_ai_job.rs:1 file has 18 functions; warning starts at 15 of 18
crates/agent-service/src/lan_pairing/lan_ai_job_tests.rs:1 file has 425 lines; crossed 250-line advisory band; maximum is 1000
crates/agent-service/src/lan_pairing/lan_ai_job_tests.rs:1 file has 18 functions; warning starts at 15 of 18
crates/agent-service/src/lan_pairing.rs:1 file has 447 lines; crossed 250-line advisory band; maximum is 1000
crates/agent-service/src/lan_pairing.rs:1 file has 18 functions; warning starts at 15 of 18
crates/agent-service/src/lan_pairing.rs:89 function has 68 lines; warning starts at 64 of 80
crates/agent-service/src/lan_pairing_audit.rs:1 file has 463 lines; crossed 250-line advisory band; maximum is 1000
crates/agent-service/src/lan_pairing_audit.rs:1 file has 18 functions; warning starts at 15 of 18
crates/agent-service/src/lan_pairing_audit.rs:231 function has 74 lines; warning starts at 64 of 80
crates/agent-service/src/lan_pairing_browser_add_device_state/production_household_proof.rs:1 file has 358 lines; crossed 250-line advisory band; maximum is 1000
crates/agent-service/src/lan_pairing_browser_add_device_state/production_household_proof.rs:1 file has 17 functions; warning starts at 15 of 18
crates/agent-service/src/lan_pairing_browser_add_device_state/signed_discovery_relay_spine/route_safety.rs:1 file has 272 lines; crossed 250-line advisory band; maximum is 1000
crates/agent-service/src/lan_pairing_browser_add_device_state/signed_discovery_relay_spine.rs:1 file has 352 lines; crossed 250-line advisory band; maximum is 1000
crates/agent-service/src/lan_pairing_browser_add_device_state/source_matrix.rs:1 file has 262 lines; crossed 250-line advisory band; maximum is 1000
crates/agent-service/src/lan_pairing_browser_add_device_state.rs:1 file has 471 lines; crossed 250-line advisory band; maximum is 1000
crates/agent-service/src/lan_pairing_browser_add_device_state.rs:1 file has 18 functions; warning starts at 15 of 18
crates/agent-service/src/lan_pairing_browser_add_device_state.rs:25 function has 72 lines; warning starts at 64 of 80
crates/agent-service/src/lan_pairing_browser_add_device_state.rs:98 function has 79 lines; warning starts at 64 of 80
crates/agent-service/src/lan_pairing_browser_add_device_state_tests.rs:1 file has 287 lines; crossed 250-line advisory band; maximum is 1000
crates/agent-service/src/lan_pairing_browser_runtime_tests.rs:1 file has 265 lines; crossed 250-line advisory band; maximum is 1000
crates/agent-service/src/lan_pairing_household_device_spine/values.rs:1 file has 18 functions; warning starts at 15 of 18
crates/agent-service/src/lan_pairing_household_device_spine_test_fixtures.rs:1 file has 15 functions; warning starts at 15 of 18
crates/agent-service/src/lan_pairing_multidevice_tests.rs:1 file has 530 lines; crossed 500-line advisory band; maximum is 1000
crates/agent-service/src/lan_pairing_multidevice_tests.rs:1 file has 18 functions; warning starts at 15 of 18
crates/agent-service/src/lan_pairing_payload.rs:1 file has 258 lines; crossed 250-line advisory band; maximum is 1000
crates/agent-service/src/lan_pairing_payload.rs:1 file has 16 functions; warning starts at 15 of 18
crates/agent-service/src/lan_pairing_provider_selection_read_model.rs:1 file has 315 lines; crossed 250-line advisory band; maximum is 1000
crates/agent-service/src/lan_pairing_provider_selection_read_model.rs:1 file has 18 functions; warning starts at 15 of 18
crates/agent-service/src/lan_pairing_runtime_state/device_roles.rs:1 file has 18 functions; warning starts at 15 of 18
crates/agent-service/src/lan_pairing_runtime_state.rs:1 file has 17 functions; warning starts at 15 of 18
crates/agent-service/src/lan_pairing_status.rs:1 file has 368 lines; crossed 250-line advisory band; maximum is 1000
crates/agent-service/src/lan_pairing_status.rs:169 function has 71 lines; warning starts at 64 of 80
crates/agent-service/src/lan_pairing_status.rs:280 function has 68 lines; warning starts at 64 of 80
crates/agent-service/src/lan_pairing_tests.rs:1 file has 782 lines; crossed 750-line advisory band; maximum is 1000
crates/agent-service/src/lan_pairing_tests.rs:1 file has 18 functions; warning starts at 15 of 18
crates/agent-service/src/lan_pairing_tests.rs:29 function has 64 lines; warning starts at 64 of 80
crates/agent-service/src/lan_pairing_tests.rs:240 function has 64 lines; warning starts at 64 of 80
crates/agent-service/src/lan_pairing_tests.rs:395 function has 70 lines; warning starts at 64 of 80
crates/agent-service/src/lan_pairing_tests.rs:565 function has 72 lines; warning starts at 64 of 80
crates/agent-service/src/lan_pairing_test_assertions.rs:1 file has 364 lines; crossed 250-line advisory band; maximum is 1000
crates/agent-service/src/lan_pairing_test_assertions.rs:1 file has 16 functions; warning starts at 15 of 18
crates/agent-service/src/lan_pairing_test_assertions.rs:7 function has 72 lines; warning starts at 64 of 80
crates/agent-service/src/lan_pairing_test_commands.rs:1 file has 307 lines; crossed 250-line advisory band; maximum is 1000
crates/agent-service/src/lan_pairing_test_commands.rs:1 file has 18 functions; warning starts at 15 of 18
crates/agent-service/src/lan_pairing_test_commands.rs:225 function has 78 lines; warning starts at 64 of 80
crates/agent-service/src/local_ai_provider_scheduler.rs:1 file has 349 lines; crossed 250-line advisory band; maximum is 1000
crates/agent-service/src/local_ai_provider_scheduler.rs:1 file has 18 functions; warning starts at 15 of 18
crates/agent-service/src/local_ai_provider_scheduler_tests.rs:1 file has 413 lines; crossed 250-line advisory band; maximum is 1000
crates/agent-service/src/local_ai_provider_scheduler_tests.rs:1 file has 15 functions; warning starts at 15 of 18
crates/agent-service/src/local_ai_provider_scheduler_tests.rs:45 function has 65 lines; warning starts at 64 of 80
crates/agent-service/src/local_ai_provider_scheduler_tests.rs:149 function has 77 lines; warning starts at 64 of 80
crates/agent-service/src/local_ai_runtime_config.rs:1 file has 18 functions; warning starts at 15 of 18
crates/agent-service/src/local_ai_runtime_config_values.rs:1 file has 16 functions; warning starts at 15 of 18
crates/agent-service/src/local_ai_runtime_payload.rs:95 function has 70 lines; warning starts at 64 of 80
crates/agent-service/src/local_ai_runtime_provider_proof_read_model.rs:1 file has 306 lines; crossed 250-line advisory band; maximum is 1000
crates/agent-service/src/local_ai_runtime_provider_proof_read_model.rs:1 file has 15 functions; warning starts at 15 of 18
crates/agent-service/src/main.rs:1 file has 278 lines; crossed 250-line advisory band; maximum is 1000
crates/agent-service/src/network_runtime_stream_event_values.rs:1 file has 17 functions; warning starts at 15 of 18
crates/agent-service/src/network_runtime_stream_tests.rs:1 file has 390 lines; crossed 250-line advisory band; maximum is 1000
crates/agent-service/src/parent_assistant_api/thread_store.rs:1 file has 17 functions; warning starts at 15 of 18
crates/agent-service/src/parent_assistant_api.rs:1 file has 405 lines; crossed 250-line advisory band; maximum is 1000
crates/agent-service/src/parent_assistant_api.rs:1 file has 17 functions; warning starts at 15 of 18
crates/agent-service/src/parent_assistant_api.rs:147 function has 70 lines; warning starts at 64 of 80
crates/agent-service/src/parent_assistant_api.rs:233 function has 66 lines; warning starts at 64 of 80
crates/agent-service/src/parent_assistant_api_tests.rs:1 file has 635 lines; crossed 500-line advisory band; maximum is 1000
crates/agent-service/src/parent_assistant_api_tests.rs:1 file has 18 functions; warning starts at 15 of 18
crates/agent-service/src/parent_assistant_api_tests.rs:303 function has 73 lines; warning starts at 64 of 80
crates/agent-service/src/parent_assistant_api_tests.rs:391 function has 79 lines; warning starts at 64 of 80
crates/agent-service/src/parent_assistant_evidence_context.rs:1 file has 359 lines; crossed 250-line advisory band; maximum is 1000
crates/agent-service/src/parent_assistant_evidence_context.rs:1 file has 18 functions; warning starts at 15 of 18
crates/agent-service/src/parent_assistant_evidence_context.rs:12 function has 65 lines; warning starts at 64 of 80
crates/agent-service/src/parent_assistant_evidence_context.rs:145 function has 79 lines; warning starts at 64 of 80
crates/agent-service/src/parent_assistant_payload.rs:1 file has 296 lines; crossed 250-line advisory band; maximum is 1000
crates/agent-service/src/parent_assistant_runtime.rs:1 file has 426 lines; crossed 250-line advisory band; maximum is 1000
crates/agent-service/src/parent_assistant_runtime.rs:1 file has 18 functions; warning starts at 15 of 18
crates/agent-service/src/parent_assistant_runtime_tests.rs:1 file has 566 lines; crossed 500-line advisory band; maximum is 1000
crates/agent-service/src/parent_assistant_runtime_tests.rs:1 file has 18 functions; warning starts at 15 of 18
crates/agent-service/src/parent_assistant_runtime_tests.rs:240 function has 80 lines; warning starts at 64 of 80
crates/agent-service/src/parent_assistant_runtime_tests.rs:430 function has 68 lines; warning starts at 64 of 80
crates/agent-service/src/policy_preview_tests.rs:12 function has 78 lines; warning starts at 64 of 80
crates/agent-service/src/screen_ai_analysis_runtime/adapter.rs:1 file has 384 lines; crossed 250-line advisory band; maximum is 1000
crates/agent-service/src/screen_ai_analysis_runtime/adapter.rs:1 file has 18 functions; warning starts at 15 of 18
crates/agent-service/src/screen_ai_analysis_runtime/event_record.rs:1 file has 393 lines; crossed 250-line advisory band; maximum is 1000
crates/agent-service/src/screen_ai_analysis_runtime/event_record.rs:1 file has 16 functions; warning starts at 15 of 18
crates/agent-service/src/screen_ai_analysis_runtime/event_record.rs:41 function has 73 lines; warning starts at 64 of 80
crates/agent-service/src/screen_ai_analysis_runtime/event_record.rs:173 function has 64 lines; warning starts at 64 of 80
crates/agent-service/src/screen_ai_cadence_runtime.rs:1 file has 254 lines; crossed 250-line advisory band; maximum is 1000
crates/agent-service/src/screen_ai_cadence_runtime_tests.rs:76 function has 76 lines; warning starts at 64 of 80
crates/agent-service/src/screen_ai_retention_sweeper_runtime.rs:1 file has 326 lines; crossed 250-line advisory band; maximum is 1000
crates/agent-service/src/screen_ai_retention_sweeper_runtime.rs:1 file has 18 functions; warning starts at 15 of 18
crates/agent-service/src/screen_ai_retention_sweeper_runtime_tests.rs:30 function has 68 lines; warning starts at 64 of 80
crates/agent-service/src/websocket.rs:1 file has 450 lines; crossed 250-line advisory band; maximum is 1000
crates/agent-service/src/websocket.rs:1 file has 16 functions; warning starts at 15 of 18
crates/agent-service/src/websocket.rs:164 function has 78 lines; warning starts at 64 of 80
crates/agent-service/src/windows_adapter_artifact_gate_read_model.rs:1 file has 297 lines; crossed 250-line advisory band; maximum is 1000
crates/agent-service/src/windows_adapter_artifact_gate_read_model.rs:1 file has 17 functions; warning starts at 15 of 18
crates/agent-service/src/windows_adapter_artifact_ingestion_read_model.rs:1 file has 293 lines; crossed 250-line advisory band; maximum is 1000
crates/agent-service/src/windows_adapter_artifact_ingestion_read_model.rs:1 file has 18 functions; warning starts at 15 of 18
crates/agent-service/src/windows_adapter_capability_read_model.rs:1 file has 340 lines; crossed 250-line advisory band; maximum is 1000
crates/agent-service/src/windows_adapter_capability_read_model.rs:1 file has 15 functions; warning starts at 15 of 18
crates/ocentra-eventing/src/bus/dispatch.rs:51 function has 80 lines; warning starts at 64 of 80
crates/ocentra-eventing/src/bus/publish.rs:1 file has 418 lines; crossed 250-line advisory band; maximum is 1000
crates/ocentra-eventing/src/bus/publish.rs:1 file has 18 functions; warning starts at 15 of 18
crates/ocentra-eventing/src/bus/queue_drain.rs:35 function has 65 lines; warning starts at 64 of 80
crates/ocentra-eventing/src/bus/reports.rs:1 file has 282 lines; crossed 250-line advisory band; maximum is 1000
crates/ocentra-eventing/src/clock.rs:1 file has 16 functions; warning starts at 15 of 18
crates/ocentra-eventing/src/compatibility.rs:1 file has 275 lines; crossed 250-line advisory band; maximum is 1000
crates/ocentra-eventing/src/compatibility.rs:1 file has 18 functions; warning starts at 15 of 18
crates/ocentra-eventing/src/delivery.rs:1 file has 281 lines; crossed 250-line advisory band; maximum is 1000
crates/ocentra-eventing/src/envelope.rs:1 file has 265 lines; crossed 250-line advisory band; maximum is 1000
crates/ocentra-eventing/src/envelope.rs:1 file has 16 functions; warning starts at 15 of 18
crates/ocentra-eventing/src/error.rs:1 file has 381 lines; crossed 250-line advisory band; maximum is 1000
crates/ocentra-eventing/src/journal/ndjson.rs:1 file has 298 lines; crossed 250-line advisory band; maximum is 1000
crates/ocentra-eventing/src/journal/ndjson.rs:1 file has 18 functions; warning starts at 15 of 18
crates/ocentra-eventing/src/queue/state.rs:1 file has 357 lines; crossed 250-line advisory band; maximum is 1000
crates/ocentra-eventing/src/queue/state.rs:1 file has 18 functions; warning starts at 15 of 18
crates/ocentra-eventing/src/request.rs:1 file has 326 lines; crossed 250-line advisory band; maximum is 1000
crates/ocentra-eventing/src/request.rs:1 file has 18 functions; warning starts at 15 of 18
crates/ocentra-eventing/src/tests/clock_manual.rs:1 file has 346 lines; crossed 250-line advisory band; maximum is 1000
crates/ocentra-eventing/src/tests/delivery.rs:1 file has 280 lines; crossed 250-line advisory band; maximum is 1000
crates/ocentra-eventing/src/tests/lifecycle.rs:1 file has 301 lines; crossed 250-line advisory band; maximum is 1000
crates/ocentra-eventing/src/tests/production_shutdown.rs:1 file has 294 lines; crossed 250-line advisory band; maximum is 1000
crates/ocentra-eventing/src/tests/production_shutdown.rs:23 function has 67 lines; warning starts at 64 of 80
crates/ocentra-eventing/src/tests/queue.rs:1 file has 434 lines; crossed 250-line advisory band; maximum is 1000
crates/ocentra-eventing/src/tests/queue.rs:59 function has 66 lines; warning starts at 64 of 80
crates/ocentra-eventing/src/tests/request_response.rs:1 file has 329 lines; crossed 250-line advisory band; maximum is 1000
crates/ocentra-eventing/src/tests/request_response_support.rs:1 file has 17 functions; warning starts at 15 of 18
crates/ocentra-eventing/src/topology.rs:1 file has 256 lines; crossed 250-line advisory band; maximum is 1000
crates/ocentra-eventing/src/topology.rs:1 file has 16 functions; warning starts at 15 of 18
crates/ocentra-network-evidence/src/ai_audit.rs:1 file has 440 lines; crossed 250-line advisory band; maximum is 1000
crates/ocentra-network-evidence/src/ai_audit.rs:1 file has 15 functions; warning starts at 15 of 18
crates/ocentra-network-evidence/src/ai_detection.rs:1 file has 597 lines; crossed 500-line advisory band; maximum is 1000
crates/ocentra-network-evidence/src/ai_detection.rs:1 file has 18 functions; warning starts at 15 of 18
crates/ocentra-network-evidence/src/ai_detection.rs:199 function has 69 lines; warning starts at 64 of 80
crates/ocentra-network-evidence/src/android_vpn_service_gate.rs:1 file has 466 lines; crossed 250-line advisory band; maximum is 1000
crates/ocentra-network-evidence/src/apple_network_extension_gate.rs:1 file has 494 lines; crossed 250-line advisory band; maximum is 1000
crates/ocentra-network-evidence/src/app_game_session.rs:1 file has 374 lines; crossed 250-line advisory band; maximum is 1000
crates/ocentra-network-evidence/src/app_game_session.rs:118 function has 73 lines; warning starts at 64 of 80
crates/ocentra-network-evidence/src/dns_adapter.rs:1 file has 417 lines; crossed 250-line advisory band; maximum is 1000
crates/ocentra-network-evidence/src/lib.rs:1 file has 259 lines; crossed 250-line advisory band; maximum is 1000
crates/ocentra-network-evidence/src/linux_adapter_gate.rs:1 file has 464 lines; crossed 250-line advisory band; maximum is 1000
crates/ocentra-network-evidence/src/live_capture.rs:1 file has 283 lines; crossed 250-line advisory band; maximum is 1000
crates/ocentra-network-evidence/src/performance.rs:1 file has 414 lines; crossed 250-line advisory band; maximum is 1000
crates/ocentra-network-evidence/src/performance.rs:306 function has 66 lines; warning starts at 64 of 80
crates/ocentra-network-evidence/src/pipeline.rs:1 file has 504 lines; crossed 500-line advisory band; maximum is 1000
crates/ocentra-network-evidence/src/pipeline.rs:151 function has 73 lines; warning starts at 64 of 80
crates/ocentra-network-evidence/src/platform_claims.rs:1 file has 389 lines; crossed 250-line advisory band; maximum is 1000
crates/ocentra-network-evidence/src/readiness.rs:1 file has 392 lines; crossed 250-line advisory band; maximum is 1000
crates/ocentra-network-evidence/src/readiness.rs:1 file has 16 functions; warning starts at 15 of 18
crates/ocentra-network-evidence/src/risk_budget.rs:1 file has 582 lines; crossed 500-line advisory band; maximum is 1000
crates/ocentra-network-evidence/src/risk_budget.rs:1 file has 15 functions; warning starts at 15 of 18
crates/ocentra-network-evidence/src/screen_summary.rs:1 file has 252 lines; crossed 250-line advisory band; maximum is 1000
crates/ocentra-network-evidence/src/signature_alert.rs:1 file has 306 lines; crossed 250-line advisory band; maximum is 1000
crates/ocentra-network-evidence/src/tests/ai_audit.rs:1 file has 305 lines; crossed 250-line advisory band; maximum is 1000
crates/ocentra-network-evidence/src/tests/ai_detection.rs:1 file has 355 lines; crossed 250-line advisory band; maximum is 1000
crates/ocentra-network-evidence/src/tests/ai_detection.rs:10 function has 71 lines; warning starts at 64 of 80
crates/ocentra-network-evidence/src/tests/ai_detection.rs:83 function has 68 lines; warning starts at 64 of 80
crates/ocentra-network-evidence/src/tests/android_vpn_service_gate.rs:1 file has 329 lines; crossed 250-line advisory band; maximum is 1000
crates/ocentra-network-evidence/src/tests/apple_network_extension_gate.rs:1 file has 342 lines; crossed 250-line advisory band; maximum is 1000
crates/ocentra-network-evidence/src/tests/app_game_session.rs:1 file has 272 lines; crossed 250-line advisory band; maximum is 1000
crates/ocentra-network-evidence/src/tests/dns_adapter.rs:1 file has 308 lines; crossed 250-line advisory band; maximum is 1000
crates/ocentra-network-evidence/src/tests/linux_adapter_gate.rs:1 file has 322 lines; crossed 250-line advisory band; maximum is 1000
crates/ocentra-network-evidence/src/tests/local_ai_queue.rs:1 file has 265 lines; crossed 250-line advisory band; maximum is 1000
crates/ocentra-network-evidence/src/tests/platform_claims.rs:1 file has 396 lines; crossed 250-line advisory band; maximum is 1000
crates/ocentra-network-evidence/src/tests/risk_budget.rs:1 file has 446 lines; crossed 250-line advisory band; maximum is 1000
crates/ocentra-network-evidence/src/tests/risk_budget.rs:1 file has 15 functions; warning starts at 15 of 18
crates/ocentra-network-evidence/src/tests/screen_summary.rs:1 file has 268 lines; crossed 250-line advisory band; maximum is 1000
crates/ocentra-network-evidence/src/tests/signature_alert.rs:1 file has 313 lines; crossed 250-line advisory band; maximum is 1000
crates/ocentra-network-evidence/src/tests/signature_alert.rs:87 function has 74 lines; warning starts at 64 of 80
crates/ocentra-network-evidence/src/tests/unmanaged_browser.rs:1 file has 250 lines; crossed 250-line advisory band; maximum is 1000
crates/ocentra-network-evidence/src/tests/windows_firewall_adapter.rs:1 file has 356 lines; crossed 250-line advisory band; maximum is 1000
crates/ocentra-network-evidence/src/tests/windows_wfp_gate.rs:1 file has 351 lines; crossed 250-line advisory band; maximum is 1000
crates/ocentra-network-evidence/src/tests/zeek.rs:1 file has 392 lines; crossed 250-line advisory band; maximum is 1000
crates/ocentra-network-evidence/src/tests/zeek.rs:62 function has 64 lines; warning starts at 64 of 80
crates/ocentra-network-evidence/src/tests/zeek.rs:220 function has 68 lines; warning starts at 64 of 80
crates/ocentra-network-evidence/src/unmanaged_browser.rs:1 file has 281 lines; crossed 250-line advisory band; maximum is 1000
crates/ocentra-network-evidence/src/windows_firewall_adapter.rs:1 file has 421 lines; crossed 250-line advisory band; maximum is 1000
crates/ocentra-network-evidence/src/windows_wfp_gate.rs:1 file has 452 lines; crossed 250-line advisory band; maximum is 1000
crates/ocentra-network-evidence/src/zeek.rs:1 file has 529 lines; crossed 500-line advisory band; maximum is 1000
crates/ocentra-network-evidence/src/zeek.rs:1 file has 15 functions; warning starts at 15 of 18
crates/ocentra-network-evidence/src/zeek.rs:186 function has 66 lines; warning starts at 64 of 80
crates/screen-capture-adapter/examples/screen_capture_real_proof_support/mod.rs:53 function has 68 lines; warning starts at 64 of 80
crates/screen-capture-adapter/src/lib.rs:1 file has 17 functions; warning starts at 15 of 18
Source shape guard passed.
