0043f7c47656d371d2ecf9c8a4c64a055208255a	refs/pull/647/head
0048bcc221c719c67246c0678e4f9a8063e9faed	refs/pull/690/head
00bf5664eda8d18d79fe994893eed3d50261dbbb	refs/pull/10/head
00d4c1b8be6c48fe7cf5ec976ec4efd4a6d1734b	refs/heads/codex/dependency-review-payment-aug23
0127fdacf125d33bedb71ccfc6f7d8e3b7075742	refs/tags/archive/local-manual-review-branches/codex/app-game-notification-preference-status-handoff
0127fdacf125d33bedb71ccfc6f7d8e3b7075742	refs/tags/archive/manual-review-branches/codex/app-game-notification-preference-status-handoff
018afef41f507e1e24976d92e87eca8b98474a1c	refs/pull/419/head
01a68e2f6fa6e445118f9631d09eefb282f3ed01	refs/pull/483/head
01df54a64d043a089036c26dd84413335042fb56	refs/pull/122/head
01df54a64d043a089036c26dd84413335042fb56	refs/tags/archive/codex-branches/codex/enforcement-lan-mobile-product-proof
01f99dd4c8b9d5ce4e0211610cb74eca604d5bf3	refs/pull/412/head
022f436259f79081926701bad09e3fae992b9442	refs/pull/310/head
022f436259f79081926701bad09e3fae992b9442	refs/tags/archive/codex-branches/codex/app-game-notification-local-outbox-bridge
022f436259f79081926701bad09e3fae992b9442	refs/tags/archive/local-codex-branches/codex/app-game-notification-local-outbox-bridge
0266458347fce787624ea35e788b7718c1deca2d	refs/heads/codex/app-game-linux-source-aug24
02b23372127705fbfdff6fcd4450b4997be1cd47	refs/heads/codex/eventing-wp11-graph-transition-aug23
031a07c708960bdb3a7d8244c7bbe42231b4fd04	refs/pull/173/head
033c20677695068622cca2fb0cdc50cb21c8178a	refs/pull/571/head
03501bcd8647b3c9f20866bc1a45004738c0890c	refs/pull/663/head
0377c82bb91c3d33f72398a51e4576a0359cab9a	refs/tags/archive/local-only-branches/codex/c-parked-main
03d12b7ec7aba447fdce8341ae4cc29e89677766	refs/pull/176/head
03d12b7ec7aba447fdce8341ae4cc29e89677766	refs/tags/archive/codex-branches/codex/activity-mia-report-history-action-preview-proof
03d12b7ec7aba447fdce8341ae4cc29e89677766	refs/tags/archive/local-codex-branches/codex/activity-mia-report-history-action-preview-proof
044e25e68fc19b34d94dc2282c513b6c6a56e554	refs/tags/archive/local-manual-review-branches/codex/app-game-doc-reconciliation
044e25e68fc19b34d94dc2282c513b6c6a56e554	refs/tags/archive/manual-review-branches/codex/app-game-doc-reconciliation
048c95dcd504ad7dfc4bb2223dcad27558881d7a	refs/heads/codex/lan-wp07-passive-runtime-aug24
049572a19b5a61c7ff25ce98b5345db462681bea	refs/pull/183/head
049572a19b5a61c7ff25ce98b5345db462681bea	refs/tags/archive/codex-branches/codex/child-android-protocol-package-lifecycle-proof
049572a19b5a61c7ff25ce98b5345db462681bea	refs/tags/archive/local-codex-branches/codex/child-android-protocol-package-lifecycle-proof
04a5ced292f7f36d79a832eb94ebfc3f1b5a1b5b	refs/tags/archive/local-manual-review-branches/codex/browser-ai-provider-fallback-proof
04a5ced292f7f36d79a832eb94ebfc3f1b5a1b5b	refs/tags/archive/manual-review-branches/codex/browser-ai-provider-fallback-proof
04bcf474fad9abe3b671d1ef2913ec07449f00a0	refs/pull/168/head
04f999de982cea9a70ad97534587f272f1e1c257	refs/tags/archive/local-manual-review-branches/codex/app-game-timer-service-response-consumer-parent-surface-status-read-model-parent-surface-read-model-contract-wp114
04f999de982cea9a70ad97534587f272f1e1c257	refs/tags/archive/manual-review-branches/codex/app-game-timer-service-response-consumer-parent-surface-status-read-model-parent-surface-read-model-contract-wp114
062a38f985f7d28d26184e84d41ac00e4a81246d	refs/tags/archive/local-manual-review-branches/codex/tracking-temporary-live-runtime-proof
062a38f985f7d28d26184e84d41ac00e4a81246d	refs/tags/archive/manual-review-branches/codex/tracking-temporary-live-runtime-proof
06874c5edeef1b6a0c5c505da9a48cba74671424	refs/tags/archive/local-manual-review-branches/codex/app-game-source-freshness-preview-gate
06874c5edeef1b6a0c5c505da9a48cba74671424	refs/tags/archive/manual-review-branches/codex/app-game-source-freshness-preview-gate
068c919eab7feda89d2078b2bd083e5ba7abee26	refs/pull/198/head
068c919eab7feda89d2078b2bd083e5ba7abee26	refs/tags/archive/codex-branches/codex/browser-policy-guide-ia
068c919eab7feda89d2078b2bd083e5ba7abee26	refs/tags/archive/local-codex-branches/codex/browser-policy-guide-ia
06bd48aaef77ad2fb97068e946602f48959adb07	refs/pull/114/head
06bd48aaef77ad2fb97068e946602f48959adb07	refs/tags/archive/codex-branches/codex/activity-mia-final-pass
06bd48aaef77ad2fb97068e946602f48959adb07	refs/tags/archive/local-codex-branches/codex/activity-mia-final-pass
06ebac5e5e6d521ba77745b61bf95be5e2c4831f	refs/pull/356/head
06ebac5e5e6d521ba77745b61bf95be5e2c4831f	refs/tags/archive/codex-branches/codex/e-c-production-support-publication-workflow-proof
06fd9f37cf8c63ba933046001beab71e4b3098b8	refs/pull/639/head
071dde866523b4f82344a99c1a976420f2bd575f	refs/pull/8/head
076a8bd7bf5d2743bd2bd025fc505ec68858d07c	refs/pull/391/head
08059c14e6fdada17e7e4e4c5f035cd6ad6eee90	refs/pull/548/head
0876a1e4c84a344db881b1e9ef8aae5c9aae50c4	refs/pull/686/head
088b28641653a9b52c1c7bc84c9a98627d8e2cdb	refs/heads/codex/account-wp09-issuer-source-aug24
089f846e9e4e2fcd47b295b50b08ddbf947c9c8e	refs/tags/archive/local-codex-branches/codex/portal-runtime-devices-route-proof
090b28f3ca0d391de7d66bb1a0b5a79ec623c1af	refs/pull/676/head
09c7bf880dbf1548c51ae0f8c01a05ded9274991	refs/pull/256/head
09f7c7c960bfdc010564d4fc504e70a1b7b88d41	refs/heads/codex/setup-wp07-source-wave
0a19994f1b0322395a51336a84eb3a6e069df4fb	refs/pull/568/head
0a6f9536339346173939724eb98b8cf47be5d311	refs/pull/230/head
0a6f9536339346173939724eb98b8cf47be5d311	refs/tags/archive/codex-branches/codex/v0-8-enforcement-integrity-runtime-audit
0a6f9536339346173939724eb98b8cf47be5d311	refs/tags/archive/local-codex-branches/codex/v0-8-enforcement-integrity-runtime-audit
0ac81e2b051b9c3af8dd2877819eb6165294295e	refs/pull/78/head
0ac81e2b051b9c3af8dd2877819eb6165294295e	refs/tags/archive/codex-branches/codex/v0.9-lan-intent-routing-spine
0ac81e2b051b9c3af8dd2877819eb6165294295e	refs/tags/archive/local-codex-branches/codex/v0.9-lan-intent-routing-spine
0ad1aa1613425d9e17281443904b58504c431165	refs/heads/codex/parent-runtime-common-loader-compile-aug23
0aee0b60c15a19ddb8c57e35e2fe06f0800aa8e9	refs/tags/archive/local-only-branches/codex/e-b-app-install-portal-approval-report-ui-proof
0b0c29cecc6045c5f27876dc18471d467003ce84	refs/pull/670/head
0b7cf5afd71d11d17f809d259cf424f019075f4a	refs/heads/codex/device-custody-foundation-source-aug23
0b8ca9385fc5f4e22fce9589529aa2f4d202c0f5	refs/pull/372/head
0bc4575a72177597656108e91f73efb2a49b2e54	refs/pull/257/head
0bc4575a72177597656108e91f73efb2a49b2e54	refs/tags/archive/codex-branches/codex/browser-plan-implementation
0bc4575a72177597656108e91f73efb2a49b2e54	refs/tags/archive/local-codex-branches/codex/browser-plan-implementation
0c9560ea2c15363bbeea6fdc9b745e10dbe214e1	refs/pull/466/head
0cca5a56783ddcbf4d7f774f09926134139491f0	refs/pull/227/head
0cca5a56783ddcbf4d7f774f09926134139491f0	refs/tags/archive/codex-branches/codex/portal-product-shell-visual-integration
0cca5a56783ddcbf4d7f774f09926134139491f0	refs/tags/archive/local-codex-branches/codex/portal-product-shell-visual-integration
0ce0c9990180006e3f41d84da90bf43ec02b503d	refs/pull/617/head
0cefde22d59c61edc715ca79db83b7be705f6cc4	refs/pull/296/head
0cefde22d59c61edc715ca79db83b7be705f6cc4	refs/tags/archive/codex-branches/codex/browser-platform-inventory-proof-gate
0cefde22d59c61edc715ca79db83b7be705f6cc4	refs/tags/archive/local-codex-branches/codex/browser-platform-inventory-proof-gate
0cfd6dac5684860b715658bf844eedb1b4bca671	refs/tags/archive/local-manual-review-branches/codex/network-remote-outbox-handoff-proof-on-row10g
0cfd6dac5684860b715658bf844eedb1b4bca671	refs/tags/archive/manual-review-branches/codex/network-remote-outbox-handoff-proof-on-row10g
0d1f69be9079966ffdf0a9281f0bf142c55204b1	refs/pull/461/head
0d1f69be9079966ffdf0a9281f0bf142c55204b1	refs/tags/archive/codex-branches/codex/e-b-app-install-product-claim-safe-workflow-proof
0d1f69be9079966ffdf0a9281f0bf142c55204b1	refs/tags/archive/local-codex-branches/codex/e-b-app-install-product-claim-safe-workflow-proof
0d3b2e9c2bb66821daa0eb802b8e7cd389493e9a	refs/pull/193/head
0d3b2e9c2bb66821daa0eb802b8e7cd389493e9a	refs/tags/archive/codex-branches/codex/child-android-permission-capability-proof
0d3b2e9c2bb66821daa0eb802b8e7cd389493e9a	refs/tags/archive/local-codex-branches/codex/child-android-permission-capability-proof
0d48545d36a170df7cdf35d631591231993bcd47	refs/pull/24/head
0daa95699647fcef8d0fc77366f1a558ebe8febb	refs/pull/71/head
0daa95699647fcef8d0fc77366f1a558ebe8febb	refs/tags/archive/codex-branches/codex/v0-9-lan-pairing-spine
0daa95699647fcef8d0fc77366f1a558ebe8febb	refs/tags/archive/local-codex-branches/codex/v0-9-lan-pairing-spine
0dadb004f3e4af850972f3af02a20c953bf1bc5e	refs/tags/archive/local-manual-review-branches/codex/tracking-policy-escalation-runtime-proof
0dadb004f3e4af850972f3af02a20c953bf1bc5e	refs/tags/archive/manual-review-branches/codex/tracking-policy-escalation-runtime-proof
0e3cd9ddba955b7c692b146c262046151c45260b	refs/tags/archive/local-codex-branches/codex/browser-activity-service-backed-ui-spine
0e3cd9ddba955b7c692b146c262046151c45260b	refs/tags/archive/local-codex-branches/codex/child-android-device-proof-artifact-gate
0e91e71b03d39abd89f89ac74809d87df28d990f	refs/tags/archive/local-manual-review-branches/codex/app-game-timer-service-response-consumer-parent-surface-handoff-wp108
0e91e71b03d39abd89f89ac74809d87df28d990f	refs/tags/archive/manual-review-branches/codex/app-game-timer-service-response-consumer-parent-surface-handoff-wp108
0ec240f08937c16d3359e5bfe0e5b9a9b6aa6c00	refs/heads/codex/screen-wp33-source
0f1699c3ac040c1dbd7be1046db2c6a41969e470	refs/pull/224/head
0f1699c3ac040c1dbd7be1046db2c6a41969e470	refs/tags/archive/codex-branches/codex/v0-8-broad-adapter-proof
0f1699c3ac040c1dbd7be1046db2c6a41969e470	refs/tags/archive/local-codex-branches/codex/v0-8-broad-adapter-proof
0f6dc8e0d0e3ee69ed97734cb91f475b85e395e8	refs/pull/313/head
0f6dc8e0d0e3ee69ed97734cb91f475b85e395e8	refs/tags/archive/codex-branches/codex/app-game-notification-scheduler-bridge
0f6dc8e0d0e3ee69ed97734cb91f475b85e395e8	refs/tags/archive/local-codex-branches/codex/app-game-notification-scheduler-bridge
0f7dce7de79f7da77258abf1ccdc398ba15e54fd	refs/heads/codex/dependency-correction-policy-payment-aug23
0faa526ff378f03a42fb73b2f0eaf33507057923	refs/heads/codex/child-runtime-removal-compile-aug23
0fd87ca41db784549a9a631d05257d4a6f98c999	refs/pull/554/head
0ffd27b988f31568211a4fd6d2998911c30ee8cd	refs/pull/382/head
103761757e750ae0fbff5b7ded104de591e20282	refs/heads/codex/eventing-core-p1-aug19
10d3c5048297bc14ac0143819d81cf545e3b8d78	refs/pull/262/head
10d3c5048297bc14ac0143819d81cf545e3b8d78	refs/tags/archive/codex-branches/codex/tracking-proof-gap-closure
10d3c5048297bc14ac0143819d81cf545e3b8d78	refs/tags/archive/local-codex-branches/codex/tracking-proof-gap-closure
1101f37f817f4696a8cf77250c8521f5f4f4971b	refs/heads/codex/account-wp04-source-wave
113fcf736670fda8dd58501f8ed67b9a4f72f339	refs/pull/564/head
11ff02af574da647f5a0904906289a766e831fc7	refs/pull/259/head
11ff02af574da647f5a0904906289a766e831fc7	refs/tags/archive/codex-branches/codex/parent-owned-local-export-runtime-proof
11ff02af574da647f5a0904906289a766e831fc7	refs/tags/archive/local-codex-branches/codex/parent-owned-local-export-runtime-proof
123018e265faddcd9a59eaa1d2b8b097b3debce3	refs/pull/369/head
1249f7b5af50b46acfe38ae3318e89d8aa241f35	refs/pull/5/head
1249f7b5af50b46acfe38ae3318e89d8aa241f35	refs/pull/6/head
129c8cc8f1e696b2e75cc96377cb0927c69e2b44	refs/pull/496/head
129c8cc8f1e696b2e75cc96377cb0927c69e2b44	refs/tags/archive/codex-branches/codex/e-b-app-install-windows-package-source-adapter-evidence
129c8cc8f1e696b2e75cc96377cb0927c69e2b44	refs/tags/archive/local-codex-branches/codex/e-b-app-install-windows-package-source-adapter-evidence
129f87da833fea4a9986a1fa7fa82ddb3d126ae3	refs/tags/archive/local-manual-review-branches/codex/app-game-policy-preview-service-read-model
129f87da833fea4a9986a1fa7fa82ddb3d126ae3	refs/tags/archive/manual-review-branches/codex/app-game-policy-preview-service-read-model
12d278de0c7d9ed8acf52c6fb82b9e1b90c7d8cd	refs/pull/268/head
130cf0e0aba4b0b4a8b2012da2f829660a55c303	refs/pull/459/head
1339505eafaba29ec778e9429816de79db83aae9	refs/pull/340/head
1354d6bb84fb8dfdf9c5a60f945e864b212ec365	refs/heads/codex/cloudflare-wp02-source-aug24-r2
139837d0da379cdad7b1dfe2bf20374310644738	refs/pull/133/head
139837d0da379cdad7b1dfe2bf20374310644738	refs/tags/archive/codex-branches/codex/v09-production-lan-controller-proof
139837d0da379cdad7b1dfe2bf20374310644738	refs/tags/archive/local-codex-branches/codex/v09-production-lan-controller-proof
13b4484b3a06832a10044f1bedb6ee61df5d8505	refs/pull/627/head
14927eb4eee7fc72d4477e596edc544ba6f4f10e	refs/tags/archive/local-manual-review-branches/codex/network-content-claim-invariant-proof
14927eb4eee7fc72d4477e596edc544ba6f4f10e	refs/tags/archive/manual-review-branches/codex/network-content-claim-invariant-proof
14d2c04efd06daca08d24e8f672ba8d103801b26	refs/pull/113/head
14d2c04efd06daca08d24e8f672ba8d103801b26	refs/tags/archive/codex-branches/codex/v08-v09-product-proof-final-pass
14d2c04efd06daca08d24e8f672ba8d103801b26	refs/tags/archive/local-codex-branches/codex/v08-v09-product-proof-final-pass
156eb730ada657b8bd37651b5e553fc1cdf82397	refs/pull/673/head
15ba52106ef39c9c70e7bcb8ae385cb9c461d40a	refs/pull/93/head
15ba52106ef39c9c70e7bcb8ae385cb9c461d40a	refs/tags/archive/codex-branches/codex/v0.8-enforcement-timer-recovery-proof
15ba52106ef39c9c70e7bcb8ae385cb9c461d40a	refs/tags/archive/local-codex-branches/codex/v0.8-enforcement-timer-recovery-proof
1620947e25eb8ddd169488d28b8a5923d0e0733c	refs/tags/archive/local-only-branches/codex/browser-plan-sync-after-pr394
16297b7c33f42ea221c8969258b62d724e4717e0	refs/tags/archive/local-manual-review-branches/codex/app-game-sessionization-duration
16297b7c33f42ea221c8969258b62d724e4717e0	refs/tags/archive/manual-review-branches/codex/app-game-sessionization-duration
1629d9162d545a1519c8b0afe7a36ddc7f14828e	refs/tags/archive/local-manual-review-branches/codex/local-ai-text-parser-read-model-proof
1629d9162d545a1519c8b0afe7a36ddc7f14828e	refs/tags/archive/manual-review-branches/codex/local-ai-text-parser-read-model-proof
168a2a6aac25d537c765155b51674de980e4e509	refs/tags/archive/local-manual-review-branches/codex/screen-ai-service-disabled-suppression-proof
168a2a6aac25d537c765155b51674de980e4e509	refs/tags/archive/manual-review-branches/codex/screen-ai-service-disabled-suppression-proof
16d8a8f3e5afad195715d899e5a72e06094871bc	refs/pull/39/head
1719328b1524cc31ee5a9f0921a47a956b16b006	refs/tags/archive/local-only-branches/codex/parked-lan-audit-evidence-after-pr80
1719328b1524cc31ee5a9f0921a47a956b16b006	refs/tags/archive/local-only-branches/codex/parked-v08-timer-recovery-after-pr79
1748df18f5c68757dadd83cecf47b65dd73ccd8a	refs/pull/620/head
17519d14b8659c522807d95868c6bf871d05650a	refs/pull/138/head
17519d14b8659c522807d95868c6bf871d05650a	refs/tags/archive/codex-branches/codex/network-control-catalog-contracts
17519d14b8659c522807d95868c6bf871d05650a	refs/tags/archive/local-codex-branches/codex/network-control-catalog-contracts
1758227ed84ec8e289ee7a897a41161cf16d4445	refs/pull/32/head
1763dc46b747772af0aebe35985427c390a0ce3a	refs/pull/240/head
1763dc46b747772af0aebe35985427c390a0ce3a	refs/tags/archive/codex-branches/codex/tracking-plan-full-scope
1763dc46b747772af0aebe35985427c390a0ce3a	refs/tags/archive/local-codex-branches/codex/tracking-plan-full-scope
17a852b5036c844a96f81fe5b5f026105a61652f	refs/pull/579/head
17b82506c2a8cf752b30c98fbb1e4c85e1de59b9	refs/pull/141/head
17b82506c2a8cf752b30c98fbb1e4c85e1de59b9	refs/tags/archive/codex-branches/codex/tracking-control-catalog-contracts
17b82506c2a8cf752b30c98fbb1e4c85e1de59b9	refs/tags/archive/local-codex-branches/codex/tracking-control-catalog-contracts
17c23db4fba3ac12bf9774b790f9eedb17b542f4	refs/pull/328/head
1888285d784edc0b305012dfe7fc555aca8c1a77	refs/pull/450/head
1888285d784edc0b305012dfe7fc555aca8c1a77	refs/tags/archive/codex-branches/codex/e-b-app-install-provider-store-manual-evidence-packet-proof
1888285d784edc0b305012dfe7fc555aca8c1a77	refs/tags/archive/local-codex-branches/codex/e-b-app-install-provider-store-manual-evidence-packet-proof
1888dde3c7c177bed3264cb3924fdeed587f5eb2	refs/pull/134/head
1888dde3c7c177bed3264cb3924fdeed587f5eb2	refs/tags/archive/codex-branches/codex/browser-control-full-catalog-schema
188b800390f2164dcd85f998ef289f08a637a854	refs/pull/416/head
18ab4fb31249d433e9af10174fd73ddfcd3aaffd	refs/pull/634/head
18c56f41e4dc422451ba4c10f25d0726e1f40df2	refs/pull/121/head
18c56f41e4dc422451ba4c10f25d0726e1f40df2	refs/tags/archive/codex-branches/codex/portal-runtime-tauri-mobile-wiring
18de272e75b9e639c08ca3172bda26227583ad1d	refs/tags/archive/local-manual-review-branches/codex/tracking-android-static-permission-readiness-proof
18de272e75b9e639c08ca3172bda26227583ad1d	refs/tags/archive/manual-review-branches/codex/tracking-android-static-permission-readiness-proof
1969fa868a2fa7204eb1857325efbe034a9fc55b	refs/tags/archive/local-manual-review-branches/codex/app-game-source-gated-policy-preview-package-exports
1969fa868a2fa7204eb1857325efbe034a9fc55b	refs/tags/archive/manual-review-branches/codex/app-game-source-gated-policy-preview-package-exports
196e3ad99c440093dcd778fd2b11a8e0f5ba89ab	refs/heads/codex/ai-wp03-contract-source-aug24
19a77dc11d215a767f3ab7451a4a903047f26a32	refs/tags/archive/local-manual-review-branches/codex/network-remote-delivery-row10b-status-proof
19a77dc11d215a767f3ab7451a4a903047f26a32	refs/tags/archive/manual-review-branches/codex/network-remote-delivery-row10b-status-proof
19d069bf0666db740c3a828b548fffe16fcbd674	refs/heads/codex/graph-truth-corrections-aug23
19deeeaab3f93433d66ad4d896f9ad6d46551bb1	refs/heads/codex/cloudflare-wp04-source-aug25
1a2ee0a109b131ff17f5c3bcec8393b50438aaf2	refs/pull/136/head
1a2ee0a109b131ff17f5c3bcec8393b50438aaf2	refs/tags/archive/codex-branches/codex/parent-assistant-provider-scheduler-api-boundary
1a2ee0a109b131ff17f5c3bcec8393b50438aaf2	refs/tags/archive/local-codex-branches/codex/parent-assistant-provider-scheduler-api-boundary
1a8dcd34e89837f542600b026cdb4f40692bf3c7	refs/pull/589/head
1abe4dfc96fd1429fe9eb5d499294cd6f99f4c6f	refs/heads/codex/eventing-wp09-production
1ac95b161e3936a6007262b2b4a69b645418f6ea	refs/tags/archive/local-manual-review-branches/codex/network-end-to-end-pipeline-row10h-refs-on-row10h
1ac95b161e3936a6007262b2b4a69b645418f6ea	refs/tags/archive/manual-review-branches/codex/network-end-to-end-pipeline-row10h-refs-on-row10h
1af2125f0b6553644f9f3581053a4f3403356c09	refs/pull/225/head
1af2125f0b6553644f9f3581053a4f3403356c09	refs/tags/archive/codex-branches/codex/parent-desktop-package-runtime-release-proof
1af2125f0b6553644f9f3581053a4f3403356c09	refs/tags/archive/local-codex-branches/codex/parent-desktop-package-runtime-release-proof
1b1459bef2fd71c1197d4bd93aeaa08cf9188093	refs/pull/116/head
1b1459bef2fd71c1197d4bd93aeaa08cf9188093	refs/tags/archive/codex-branches/codex/v09-production-lan-multidevice-hardening
1b1459bef2fd71c1197d4bd93aeaa08cf9188093	refs/tags/archive/local-codex-branches/codex/v09-production-lan-multidevice-hardening
1b3593319424673f0eea4673d6160b1ebcc5b94f	refs/heads/codex/device-trust-wp06-source-wave
1b6b5a28f6ee06af7dcf33667671f53df7c54a67	refs/heads/codex/child-runtime-routing-refresh
1c2733004d8bbd0fc39e3a93a07723d9c4bb956b	refs/pull/38/head
1c7494bb13beb4321dd35fbafb410d96314e6015	refs/pull/135/head
1c7494bb13beb4321dd35fbafb410d96314e6015	refs/tags/archive/codex-branches/codex/v09-household-lan-proof-readiness
1d3bffe307e6b6156f4a5a561aa8c7f53fba50b9	refs/pull/615/head
1d63e190c52c7d6a01544d303a2513a0a54fb749	refs/heads/codex/data-custody-wp08-source
1e5f123b34613888d92e8806a87dbc16de9941e9	refs/tags/archive/local-manual-review-branches/codex/app-game-source-gated-policy-preview-timer-service-readiness-read-api-handoff
1e5f123b34613888d92e8806a87dbc16de9941e9	refs/tags/archive/manual-review-branches/codex/app-game-source-gated-policy-preview-timer-service-readiness-read-api-handoff
1e8876ba28f69a287bc7e19d11acee3e2a7b3b5e	refs/tags/archive/local-codex-branches/codex/v0-9-production-discovery-mobile-controller-proof
1e94b2686f6cbda6189f28339f3fc78ca6856ddd	refs/pull/445/head
1e94b2686f6cbda6189f28339f3fc78ca6856ddd	refs/tags/archive/local-only-branches/codex/pr445-tracking-family-dashboard-hosted-ui-proof
1eb545d311575e92c90bd60eda0bde5fcfbd85b8	refs/pull/467/head
1ede139720f782428e8145f2f6e89016f64109b0	refs/pull/457/head
1ede139720f782428e8145f2f6e89016f64109b0	refs/tags/archive/codex-branches/codex/app-game-source-gated-policy-preview-timer-service-readiness-response-consumer-parent-surface-status-read-model-parent-surface-read-model-handoff
1ede139720f782428e8145f2f6e89016f64109b0	refs/tags/archive/local-codex-branches/codex/app-game-source-gated-policy-preview-timer-service-readiness-response-consumer-parent-surface-status-read-model-parent-surface-read-model-handoff
1f4ac58f078e5e2f9e354be7c291f1cb10f07781	refs/pull/540/head
1f4ac58f078e5e2f9e354be7c291f1cb10f07781	refs/tags/archive/codex-branches/codex/e-b-app-install-external-runtime-writer-transport
1f4ac58f078e5e2f9e354be7c291f1cb10f07781	refs/tags/archive/local-codex-branches/codex/e-b-app-install-external-runtime-writer-transport
1f99f445a34643758228802e6474a0bcbd9d11d0	refs/tags/archive/local-only-branches/codex/e-c-parked-main
1fa5d5ec6f15b0d491ab72d1c9f19cbb2b970eff	refs/tags/archive/local-manual-review-branches/codex/screen-ai-remote-boundary-proof
1fa5d5ec6f15b0d491ab72d1c9f19cbb2b970eff	refs/tags/archive/manual-review-branches/codex/screen-ai-remote-boundary-proof
1fa7b975c3532da5d068a6a3145754449d61e5e8	refs/pull/269/head
1fa7b975c3532da5d068a6a3145754449d61e5e8	refs/tags/archive/codex-branches/codex/production-support-billing-release-proof
1fb09c0e906315317da2cb17ecf1f3b3eb09e6b5	refs/pull/126/head
1fb09c0e906315317da2cb17ecf1f3b3eb09e6b5	refs/tags/archive/codex-branches/codex/activity-report-persistence-fanout
1fb09c0e906315317da2cb17ecf1f3b3eb09e6b5	refs/tags/archive/local-codex-branches/codex/activity-report-persistence-fanout
200cfb61a6e48878035caca2ece584134389bfaa	refs/tags/archive/local-only-branches/codex/tmp-pr527-focus
203ee739d9a401bea6a1cb9470c59a7530d99a81	refs/pull/125/head
2049d77894d2718aff2e19351fc86327a5060091	refs/pull/399/head
2049d77894d2718aff2e19351fc86327a5060091	refs/tags/archive/codex-branches/codex/browser-child-intervention-page-ui
2049d77894d2718aff2e19351fc86327a5060091	refs/tags/archive/local-codex-branches/codex/browser-child-intervention-page-ui
2049d77894d2718aff2e19351fc86327a5060091	refs/tags/archive/local-only-branches/codex/browser-child-intervention-page-ui
20937fff4fedfd42ce5bdc155fa4a3cf8c5beaa5	refs/tags/archive/local-manual-review-branches/codex/app-game-source-freshness-policy-consumption
20937fff4fedfd42ce5bdc155fa4a3cf8c5beaa5	refs/tags/archive/manual-review-branches/codex/app-game-source-freshness-policy-consumption
2136aa167de55a7476442f8266d39293a7e224f7	refs/pull/245/head
2136aa167de55a7476442f8266d39293a7e224f7	refs/tags/archive/codex-branches/codex/sync-export-endpoint-contract-proof
2136aa167de55a7476442f8266d39293a7e224f7	refs/tags/archive/local-codex-branches/codex/sync-export-endpoint-contract-proof
216f5192a1dc4e40557af08577400d4369ce52b6	refs/tags/archive/local-manual-review-branches/codex/local-ai-context-builder-completeness-proof
216f5192a1dc4e40557af08577400d4369ce52b6	refs/tags/archive/manual-review-branches/codex/local-ai-context-builder-completeness-proof
2199073e61a9f1423d942b2b9d572b95c69f2261	refs/pull/350/head
2199073e61a9f1423d942b2b9d572b95c69f2261	refs/tags/archive/manual-review-branches/codex/screen-summary-ai-context-proof
21ebd7ed99564d2f27b14402b8b7210b914e86b1	refs/pull/681/head
21f8630fc215e4bf0515a0262f183bfb4ed4d19f	refs/pull/541/head
21f8630fc215e4bf0515a0262f183bfb4ed4d19f	refs/tags/archive/codex-branches/codex/e-c-production-support-public-status-readiness-runtime
22d7abe0fe6586e5f9ec1298710675952309524e	refs/pull/675/head
2322b6a697a06f59cbee51153961ba55bdb20d01	refs/pull/175/head
2322b6a697a06f59cbee51153961ba55bdb20d01	refs/tags/archive/codex-branches/codex/parent-mobile-controller-observer-handoff-proof
2322b6a697a06f59cbee51153961ba55bdb20d01	refs/tags/archive/local-codex-branches/codex/parent-mobile-controller-observer-handoff-proof
23384f1a29668a25c0e01e5ef2828a96e27e582e	refs/pull/536/head
23384f1a29668a25c0e01e5ef2828a96e27e582e	refs/tags/archive/codex-branches/codex/e-b-app-install-runtime-delivery-receipt-boundary
23384f1a29668a25c0e01e5ef2828a96e27e582e	refs/tags/archive/local-codex-branches/codex/e-b-app-install-runtime-delivery-receipt-boundary
23b4068a41252a0eaa309e14d8a02f99856ee6e4	refs/pull/664/head
23c08da0169bb8221e8382e07e96dbecaf0b2e89	refs/heads/codex/app-game-wp197-repair-round4-aug24
23d471a1c367bee65decd4d6cb67382a0bd9b987	refs/pull/543/head
23d471a1c367bee65decd4d6cb67382a0bd9b987	refs/tags/archive/codex-branches/codex/e-b-app-install-execution-receipt-boundary
23d471a1c367bee65decd4d6cb67382a0bd9b987	refs/tags/archive/local-codex-branches/codex/e-b-app-install-execution-receipt-boundary
24148417ea73edc00217a2959083b0cc7d4ca7ac	refs/pull/23/head
24316de51523270a0f5fff922cfcb5d5970b8086	refs/pull/608/head
2490eb5b6d03c0c0caea4a36429b2ff7e8e78f5d	refs/pull/580/head
24bc389df071c2f1ff38401168641d3463e743f4	refs/pull/282/head
24be59aff95aee052283c1b2923e39dc65c2dae8	refs/pull/334/head
24be59aff95aee052283c1b2923e39dc65c2dae8	refs/tags/archive/codex-branches/codex/e-c-public-status-runtime-handoff-proof
24be59aff95aee052283c1b2923e39dc65c2dae8	refs/tags/archive/local-codex-branches/codex/e-c-public-status-runtime-handoff-proof
250646573088138345f8e3e2c7388d843481fefd	refs/pull/651/head
25230aa18affd93e326302df95bdd371d1094d01	refs/tags/archive/local-manual-review-branches/codex/app-game-source-gated-policy-preview-timer-service-readiness-response-consumer-parent-surface-status-read-model-parent-surface-handoff
25230aa18affd93e326302df95bdd371d1094d01	refs/tags/archive/manual-review-branches/codex/app-game-source-gated-policy-preview-timer-service-readiness-response-consumer-parent-surface-status-read-model-parent-surface-handoff
2548a0b40eba517db2a887e20459679253b75e2b	refs/pull/185/head
2548a0b40eba517db2a887e20459679253b75e2b	refs/tags/archive/codex-branches/codex/header-button-size-fix
2548a0b40eba517db2a887e20459679253b75e2b	refs/tags/archive/local-codex-branches/codex/header-button-size-fix
2571263e46f25705655f66f0505be6a8d019b4f7	refs/pull/668/head
25b9449f93c40b03303556eb213e55547756b2f0	refs/pull/453/head
25b9449f93c40b03303556eb213e55547756b2f0	refs/tags/archive/codex-branches/codex/app-game-source-gated-policy-preview-timer-service-readiness-response-consumer-parent-surface-status-read-model-handoff
25b9449f93c40b03303556eb213e55547756b2f0	refs/tags/archive/local-codex-branches/codex/app-game-source-gated-policy-preview-timer-service-readiness-response-consumer-parent-surface-status-read-model-handoff
25dd212dc46c64134e88ea48b8d8566d20bc3a05	refs/pull/628/head
25ffbe35398def68b4a2d275e16af493f8234ce8	refs/tags/archive/local-manual-review-branches/codex/app-game-timer-service-response-consumer-parent-surface-read-model-handoff-wp109-clean
25ffbe35398def68b4a2d275e16af493f8234ce8	refs/tags/archive/manual-review-branches/codex/app-game-timer-service-response-consumer-parent-surface-read-model-handoff-wp109-clean
2674560c3d0f96c939e5441d92c4f377f141c129	refs/pull/64/head
270313b2f64570cbd1771f534fb0cc13ec2873fd	refs/pull/326/head
273e055df177c23ccafe6d70ebb42057c01618dd	refs/heads/codex/dependency-review-cloudflare-policy-payment-aug23
27edc341249a2da662e4a2103d3093bcf86e5fa7	refs/pull/393/head
2863ada011a2efd0086f1a7c0aea1868a68cc935	refs/pull/361/head
2878455e5b9ba247abc9f5463b1b016c42d5de23	refs/pull/590/head
2894fbec0f31761cdedd97c8093769a5ed163e22	refs/pull/660/head
29172d2e5b19ec6b7beaa72cd8b2c416896cb026	refs/heads/codex/cloudflare-wp02-source-aug24
299d384585aee8a4b15042f5a377928155b00b6e	refs/pull/195/head
299d384585aee8a4b15042f5a377928155b00b6e	refs/tags/archive/codex-branches/codex/v0-9-production-discovery-mobile-controller-proof
2a0b1fb18c04111c592b7daaaf98720b4c3136fa	refs/tags/archive/local-codex-branches/codex/e-c-production-support-publication-workflow-proof
2a900628c352f40fc4f0f5cfef11d5c9e5620c49	refs/heads/codex/dependency-review-portal-aug23
2bd7680397aa858510748cd059adf4e6dee06a7f	refs/pull/665/head
2bde57f7d665854739eb9580769db0583537d705	refs/pull/270/head
2bde57f7d665854739eb9580769db0583537d705	refs/tags/archive/codex-branches/codex/app-install-purchase-runtime-proof
2bea2cdc616c6c2dd3a53aa3ccdde61622fd1528	refs/pull/654/head
2c1885b44a486a923002cb89bca70f428b91a89d	refs/pull/583/head
2cf0ef534dc13f53a1c3641177a47419f3ba1054	refs/pull/596/head
2d57c9ae14f18383c32544875413fba2e3e4156c	refs/heads/codex/app-game-wp197-source-aug24
2d7c813255929d294ae8e60447737a6b9d303588	refs/pull/401/head
2dacdbe15d7998cdb1f8958b19c24b496fe7ec2a	refs/heads/codex/app-game-wp197-repair-round3-aug24
2ddef499d2083c12ef4082b7d1d9545ceebd43be	refs/pull/479/head
2ddef499d2083c12ef4082b7d1d9545ceebd43be	refs/tags/archive/codex-branches/codex/e-b-app-install-product-claim-platform-preclaim-proof
2ddef499d2083c12ef4082b7d1d9545ceebd43be	refs/tags/archive/local-codex-branches/codex/e-b-app-install-product-claim-platform-preclaim-proof
2de2bbb6281efd07c303b8abf503d49b59e0626c	refs/pull/344/head
2de2bbb6281efd07c303b8abf503d49b59e0626c	refs/tags/archive/codex-branches/codex/eventing-network-runtime-implementation
2e291efebfa887c7fcfcf22149111f719ad6921a	refs/pull/555/head
2e4fcacda11f28acc54db43e274eb991fb5e8fee	refs/tags/archive/local-manual-review-branches/codex/app-game-source-gated-policy-preview-timer-service-readiness-response-consumer-parent-surface-status-handoff
2e4fcacda11f28acc54db43e274eb991fb5e8fee	refs/tags/archive/manual-review-branches/codex/app-game-source-gated-policy-preview-timer-service-readiness-response-consumer-parent-surface-status-handoff
2e5f5e0e3fd87ad07d191b9553e16a9a39b9a169	refs/heads/codex/cloudflare-wp06-authority-source
2ecd5a83d93ddc761b37f51bb5232172acab1ced	refs/tags/archive/local-only-branches/codex/tracking-hosted-ui-a11y-proof
2f3d3051aa4d3a5d5d523fd65102bd198ea50f9b	refs/heads/codex/account-wp07-source
2fbf6357d0270f5fbf812ecc599b06e2248d0cec	refs/pull/584/head
2fdf762c1a27b5fcd4af2cd4d9b7afa6f4f2ab20	refs/pull/342/head
3045d683988e161c611fe52bc9cc88c2ce85b6c4	refs/pull/178/head
3045d683988e161c611fe52bc9cc88c2ce85b6c4	refs/tags/archive/codex-branches/codex/v0-9-production-discovery-household-proof
3045d683988e161c611fe52bc9cc88c2ce85b6c4	refs/tags/archive/local-codex-branches/codex/v0-9-production-discovery-household-proof
3091b87a9c0ef8a378f82134ee37caaf029431a5	refs/pull/365/head
30baf18631861207fc52c1aa3c4034d5ab60bdfc	refs/pull/333/head
31276dc69bdbf47475e37a17c9358c49499dcf90	refs/pull/379/head
315db6d65d16c6e1d42694218c03b5649f25dffe	refs/pull/109/head
315db6d65d16c6e1d42694218c03b5649f25dffe	refs/tags/archive/codex-branches/codex/local-ai-provider-singleton-scheduler
315db6d65d16c6e1d42694218c03b5649f25dffe	refs/tags/archive/local-codex-branches/codex/local-ai-provider-singleton-scheduler
31dd13072b32bfafb880ed2bf7a9a986bbc544d4	refs/tags/archive/local-manual-review-branches/codex/app-game-source-gated-policy-preview-timer-runtime-readiness
31dd13072b32bfafb880ed2bf7a9a986bbc544d4	refs/tags/archive/manual-review-branches/codex/app-game-source-gated-policy-preview-timer-runtime-readiness
31e9e3a040e8564c5aebd4c798c888ed0c21018e	refs/pull/74/head
31e9e3a040e8564c5aebd4c798c888ed0c21018e	refs/tags/archive/codex-branches/codex/v0.9-lan-pairing-multidevice-spine
31e9e3a040e8564c5aebd4c798c888ed0c21018e	refs/tags/archive/local-codex-branches/codex/v0.9-lan-pairing-multidevice-spine
31f27eb79c4c02ea20093965312e0dfd3285495a	refs/pull/574/head
32114984c3634e69a31217513257dcb7761148ea	refs/pull/172/head
32114984c3634e69a31217513257dcb7761148ea	refs/tags/archive/codex-branches/codex/v0-9-prod-discovery-provider-selection-proof
32114984c3634e69a31217513257dcb7761148ea	refs/tags/archive/local-codex-branches/codex/v0-9-prod-discovery-provider-selection-proof
3227d5045c3981358f6088c4d304a4878bfcca7b	refs/pull/120/head
3227d5045c3981358f6088c4d304a4878bfcca7b	refs/tags/archive/codex-branches/codex/platform-os-lan-mobile-proof
3227d5045c3981358f6088c4d304a4878bfcca7b	refs/tags/archive/local-codex-branches/codex/platform-os-lan-mobile-proof
327bdf5db3eb9518080afc2462430618b1ed329f	refs/pull/243/head
327bdf5db3eb9518080afc2462430618b1ed329f	refs/tags/archive/codex-branches/codex/screen-evidence-settings-retention-proof
327bdf5db3eb9518080afc2462430618b1ed329f	refs/tags/archive/local-codex-branches/codex/screen-evidence-settings-retention-proof
328ce226cd1358712a7b565ee96c728bcbb960af	refs/pull/661/head
32cf20d505216e18fb19248cef72e85d1dd463e7	refs/pull/613/head
32ec33b357dd4a40bdb09ac29c3c9ca87720304d	refs/pull/229/head
32ec33b357dd4a40bdb09ac29c3c9ca87720304d	refs/tags/archive/codex-branches/codex/activity-report-mia-evidence-runtime
32ec33b357dd4a40bdb09ac29c3c9ca87720304d	refs/tags/archive/local-codex-branches/codex/activity-report-mia-evidence-runtime
333bdfa93e5ccabb3deb3350497ba247c844ce7b	refs/pull/409/head
3381bec9d50ea696c4e517381ea0e8e0d50c98e3	refs/pull/82/head
33cc03bd2244abf6a1399e6b6639059f0fdc8f0b	refs/pull/383/head
3488c99cd2acab5a06d7dbfd274e4f0036286715	refs/heads/codex/cloudflare-wp06-runtime-route
349a8054cdc7333b80a97ef519ea8451eae9446e	refs/pull/156/head
349a8054cdc7333b80a97ef519ea8451eae9446e	refs/tags/archive/codex-branches/codex/v0-9-mobile-controller-observer-runtime-proof
349a8054cdc7333b80a97ef519ea8451eae9446e	refs/tags/archive/local-codex-branches/codex/v0-9-mobile-controller-observer-runtime-proof
34af2d70ef3bb464545c000a4214f632b5b9badd	refs/pull/220/head
34af2d70ef3bb464545c000a4214f632b5b9badd	refs/tags/archive/codex-branches/codex/parent-desktop-release-support-proof
34af2d70ef3bb464545c000a4214f632b5b9badd	refs/tags/archive/local-codex-branches/codex/parent-desktop-release-support-proof
34bfa7f8a2fc039ca140bdd8cee2a41913f63d57	refs/pull/70/head
34bfa7f8a2fc039ca140bdd8cee2a41913f63d57	refs/tags/archive/codex-branches/codex/v1-0-windows-local-mvp-install-proof
34bfa7f8a2fc039ca140bdd8cee2a41913f63d57	refs/tags/archive/local-codex-branches/codex/v1-0-windows-local-mvp-install-proof
34d09f1a14195e40e2a9902d8747502a9729823a	refs/pull/679/head
34d813b5e246230c557020109666b74aa2de7ba7	refs/pull/17/head
35295decfc97c9be99a742eba42a79c5c39e2b56	refs/pull/633/head
35422b7e94996a1082179f835e2311e91f04d560	refs/pull/65/head
357d2d18fb53b4e3c4b5cf492648742899030877	refs/pull/642/head
35e0a456a709ace30c98006e65bfe64bfcfe07de	refs/pull/169/head
35e0a456a709ace30c98006e65bfe64bfcfe07de	refs/tags/archive/codex-branches/codex/local-ai-runtime-provider-proof
35e0a456a709ace30c98006e65bfe64bfcfe07de	refs/tags/archive/local-codex-branches/codex/local-ai-runtime-provider-proof
35e9f11fbb7e0a3dcde7bcd3f8536dc7161f0d40	refs/pull/390/head
35e9f11fbb7e0a3dcde7bcd3f8536dc7161f0d40	refs/tags/archive/codex-branches/codex/e-c-production-support-runtime-followup
35edb2830c9896ddd2d737a65ada720454b78514	refs/heads/codex/account-wp02-source-wave
3608fc2708579a743cf8e8b78885937d30496724	refs/tags/archive/local-manual-review-branches/codex/tracking-authority-hard-control-proof
3608fc2708579a743cf8e8b78885937d30496724	refs/tags/archive/manual-review-branches/codex/tracking-authority-hard-control-proof
363e6d55fa0c6e47a47984e79e1694b5a5d45d83	refs/tags/archive/local-manual-review-branches/codex/network-policy-preview-stored-flow-proof
363e6d55fa0c6e47a47984e79e1694b5a5d45d83	refs/tags/archive/manual-review-branches/codex/network-policy-preview-stored-flow-proof
36517cfadec03bf3b8c4d12e6f11fe48bd84ffc9	refs/tags/archive/local-only-branches/codex/tracking-catalog-parked
36635593dd8608fbe5cbae9761ac4c06a228f198	refs/pull/672/head
36b144ca8c07e6865328d99d63962e2b28ae44e6	refs/tags/archive/local-manual-review-branches/codex/app-plan-stale-evidence-security-proof-split
36b144ca8c07e6865328d99d63962e2b28ae44e6	refs/tags/archive/manual-review-branches/codex/app-plan-stale-evidence-security-proof-split
3702ad538992e79af430d302ac353cd1765d6503	refs/pull/636/head
370f7b84cc910a4c2ccd647ae364136575d722f5	refs/tags/archive/local-manual-review-branches/codex/e-c-public-support-contact-status-proof
370f7b84cc910a4c2ccd647ae364136575d722f5	refs/tags/archive/manual-review-branches/codex/e-c-public-support-contact-status-proof
370fd0383effd5889298f1298044e83fd7fcefb8	refs/heads/codex/agent-service-known-device-module-repair
37241b541745cc0bc0c400315380be5890fd1f59	refs/pull/560/head
381aa48b759be5e053e071ebc99676b92466c49f	refs/pull/1/head
3831f5a939e27eeeff73bd0fc2c63b36a84bce86	refs/tags/archive/local-manual-review-branches/codex/app-game-windows-installed-inventory
3831f5a939e27eeeff73bd0fc2c63b36a84bce86	refs/tags/archive/manual-review-branches/codex/app-game-windows-installed-inventory
387afb87a828527a81a35b765b75eaee367369a7	refs/pull/286/head
3893b0a1ec98b158c48b6c382f6856c0790b6f61	refs/pull/659/head
38ba39dbe795bc53718b16d9802fe4981ae86fe4	refs/tags/archive/local-manual-review-branches/codex/network-remote-event-chain-journal-proof
38ba39dbe795bc53718b16d9802fe4981ae86fe4	refs/tags/archive/manual-review-branches/codex/network-remote-event-chain-journal-proof
38c5b07984aede792f1967592fda10313efaf2b7	refs/pull/294/head
38f9f27f3e1cfa68786dfeb8c488061d4a8e81ed	refs/tags/archive/local-manual-review-branches/codex/tracking-retention-settings-service-mutation-proof
38f9f27f3e1cfa68786dfeb8c488061d4a8e81ed	refs/tags/archive/manual-review-branches/codex/tracking-retention-settings-service-mutation-proof
3938df7f0b6318452d806ef969bf15a787852765	refs/tags/archive/local-manual-review-branches/codex/network-manual-followup-owner-ledger-proof
3938df7f0b6318452d806ef969bf15a787852765	refs/tags/archive/manual-review-branches/codex/network-manual-followup-owner-ledger-proof
39495724fa1e498d1640fb06d852c8e5b3407fc0	refs/pull/602/head
39d5e7f487b151a5ed3f86dec30d4a0a6117a134	refs/pull/389/head
39d5e7f487b151a5ed3f86dec30d4a0a6117a134	refs/tags/archive/codex-branches/codex/e-b-app-install-runtime-writer-delivery-proof
3a1c372555dd1f15039947f5569886cb60634b35	refs/tags/archive/local-manual-review-branches/codex/screen-ai-service-retention-sweeper-proof
3a1c372555dd1f15039947f5569886cb60634b35	refs/tags/archive/manual-review-branches/codex/screen-ai-service-retention-sweeper-proof
3a270a560baef130148369a2be2f4a4489be5573	refs/pull/149/head
3a270a560baef130148369a2be2f4a4489be5573	refs/tags/archive/codex-branches/codex/parent-mobile-runtime-proof-hardening
3a270a560baef130148369a2be2f4a4489be5573	refs/tags/archive/local-codex-branches/codex/parent-mobile-runtime-proof-hardening
3a494de32c20e54c090af98e9e4c8ad39961248a	refs/pull/153/head
3a494de32c20e54c090af98e9e4c8ad39961248a	refs/tags/archive/codex-branches/codex/v0-8-process-package-identity-proof-bridge
3a494de32c20e54c090af98e9e4c8ad39961248a	refs/tags/archive/local-codex-branches/codex/v0-8-process-package-identity-proof-bridge
3ab76625744d7e99cd0e9b158bce9aeb2fa5cf1b	refs/pull/289/head
3ab76625744d7e99cd0e9b158bce9aeb2fa5cf1b	refs/tags/archive/codex-branches/codex/app-install-purchase-child-artifact-delivery-proof
3ab76625744d7e99cd0e9b158bce9aeb2fa5cf1b	refs/tags/archive/local-codex-branches/codex/app-install-purchase-child-artifact-delivery-proof
3ac7fc087d7a7de5e9dfa0c40d43a043cfa7775e	refs/heads/codex/ai-wp03-contract-repair-aug24
3ae5f3aebbd71208936257b93bd5111e638c87ed	refs/tags/archive/local-only-branches/codex/e-c-production-release-public-surface-publication-proof-followup
3b5fbe42babca29cd2329ef7b7078b6506617188	refs/pull/515/head
3b69d787efb328a55d8b1d633242b933c04ded9b	refs/heads/codex/browser-wp06-repair-round2
3b7c2b1bb6a11739f091c897ef1fd25e747bd522	refs/pull/547/head
3ba87ffc6f3abc20e344336e134becf7f81bc04a	refs/pull/441/head
3bd4e0630b4134fdd9f7469c18e6ac5fda441da6	refs/pull/264/head
3bd4e0630b4134fdd9f7469c18e6ac5fda441da6	refs/tags/archive/codex-branches/codex/pr259-assistant-e2e-triage
3bd4e0630b4134fdd9f7469c18e6ac5fda441da6	refs/tags/archive/local-codex-branches/codex/pr259-assistant-e2e-triage
3c402429969114da6b13b38f2848e2293ce144d2	refs/pull/630/head
3c5097f1289f5884f3c5d86fa7d22e0ccbc354fd	refs/pull/612/head
3c95980f994727243583ef475ca3f66e25455084	refs/heads/codex/dependency-review-account-device-aug23
3cb84b4ee284b275e6cb3728a2bfc58409797eab	refs/pull/562/head
3ccc6cc67590f245d03daf7e96afa64f82af2aaa	refs/tags/archive/local-only-branches/codex/screen-service-winrt-ocr-policy-dry-run-proof
3cdae8c0b5a8c19e4e946e80be38d821dbe81550	refs/tags/archive/local-manual-review-branches/codex/app-game-timer-service-response-consumer-parent-surface-status-handoff-wp110
3cdae8c0b5a8c19e4e946e80be38d821dbe81550	refs/tags/archive/manual-review-branches/codex/app-game-timer-service-response-consumer-parent-surface-status-handoff-wp110
3cf47f2fc61fbec772f265f47e95b98ae10a606e	refs/pull/443/head
3d8231e796c1a5e303ef8f2084f9980277c69b86	refs/heads/codex/protected-custody-repair-round3-aug24
3d90603793581a4180c0a5ba1a4c7d1d541b5709	refs/pull/222/head
3d90603793581a4180c0a5ba1a4c7d1d541b5709	refs/tags/archive/codex-branches/codex/portal-product-shell-ux-proof
3d90603793581a4180c0a5ba1a4c7d1d541b5709	refs/tags/archive/local-codex-branches/codex/portal-product-shell-ux-proof
3e563cb5734c358b3eba3a057524ffd3fb2f8f08	refs/tags/archive/local-manual-review-branches/codex/screen-intelligence-router-proof
3e563cb5734c358b3eba3a057524ffd3fb2f8f08	refs/tags/archive/manual-review-branches/codex/screen-intelligence-router-proof
3eafc63ba8ccdc6c44eb039dc2503a72482e4927	refs/tags/archive/local-manual-review-branches/codex/app-game-source-gated-policy-preview-timer-handoff-main
3eafc63ba8ccdc6c44eb039dc2503a72482e4927	refs/tags/archive/manual-review-branches/codex/app-game-source-gated-policy-preview-timer-handoff-main
3ed327396eef2c523a04eb065be7b06b93201820	refs/tags/archive/local-only-branches/codex/screen-family-ai-hub-runtime-discovery-proof
3ee89aa617641879634a78b586c9a2496bff13ad	refs/tags/archive/local-manual-review-branches/codex/screen-ai-journal-read-model-proof
3ee89aa617641879634a78b586c9a2496bff13ad	refs/tags/archive/manual-review-branches/codex/screen-ai-journal-read-model-proof
3f1a613c4877bab0ae1649152f06e49babd6a94b	refs/pull/478/head
3f1a613c4877bab0ae1649152f06e49babd6a94b	refs/tags/archive/local-manual-review-branches/codex/activity-screen-ai-degraded-surface-proof
3f1a613c4877bab0ae1649152f06e49babd6a94b	refs/tags/archive/manual-review-branches/codex/activity-screen-ai-degraded-surface-proof
3f3f02ba68411cb74100b433206db1ea7e11d7a4	refs/pull/497/head
3f76e16254ce5b556d9923facabd48bfaecfb711	refs/pull/205/head
3f76e16254ce5b556d9923facabd48bfaecfb711	refs/tags/archive/codex-branches/codex/visible-portal-service-backed-activity-device-wiring
3fb208964359b91c5d4795ca8fd73902753a2d28	refs/pull/522/head
3fb505cc1719272b88e5d11faa31719d4284dd57	refs/pull/402/head
40095cb50e3ec285449975feb5328adaf92ce2bc	refs/tags/archive/local-manual-review-branches/codex/screen-summary-parent-explanation-proof
4037d5193fbcab8af0378f371a0b4c374435ab21	refs/pull/155/head
4037d5193fbcab8af0378f371a0b4c374435ab21	refs/tags/archive/codex-branches/codex/activity-report-adapter-mia-evidence-proof
4037d5193fbcab8af0378f371a0b4c374435ab21	refs/tags/archive/local-codex-branches/codex/activity-report-adapter-mia-evidence-proof
404543f494e699d4c0e81565180911438a3c6dad	refs/tags/archive/local-only-branches/codex/network-remote-event-chain-journal-proof-split
40479b85242737c96af9243f5431985aa417dac5	refs/tags/archive/local-manual-review-branches/codex/tracking-policy-compiler-runtime-proof
40479b85242737c96af9243f5431985aa417dac5	refs/tags/archive/manual-review-branches/codex/tracking-policy-compiler-runtime-proof
405e7fc77e1cb0a08d60ba6d87c245990cf4e194	refs/heads/codex/archive/all-remote-tips-20260815
40881fb4668a9d61d8b294ab8060bc495cdf5635	refs/pull/21/head
40915b1734646edc5f8a88f2dbfe82d572101913	refs/pull/518/head
40d64a7d049f4858ff3ad32b96b25cf005d24e27	refs/pull/305/head
40d64a7d049f4858ff3ad32b96b25cf005d24e27	refs/tags/archive/codex-branches/codex/screen-plan-proof-reconciliation
40d64a7d049f4858ff3ad32b96b25cf005d24e27	refs/tags/archive/local-codex-branches/codex/screen-plan-proof-reconciliation
4140a7a9a6fd7eb76055a853edfb350ada58c7a2	refs/heads/codex/data-wp05-runtime-composition-routing
4191ddfc5538a32af5e5493b20bfd146abbe2105	refs/heads/codex/dependency-review-tracking-aug23
41ecc7c21d9960a4f3fb24a1a819ee73433ef9e1	refs/tags/archive/local-manual-review-branches/codex/app-game-timer-service-response-consumer-parent-surface-status-read-model-parent-surface-handoff-wp112
41ecc7c21d9960a4f3fb24a1a819ee73433ef9e1	refs/tags/archive/manual-review-branches/codex/app-game-timer-service-response-consumer-parent-surface-status-read-model-parent-surface-handoff-wp112
424d39b0fbdfd015eb77f4b8b33d956448518cbf	refs/pull/253/head
424d39b0fbdfd015eb77f4b8b33d956448518cbf	refs/tags/archive/codex-branches/codex/billing-entitlement-contract-proof
424d39b0fbdfd015eb77f4b8b33d956448518cbf	refs/tags/archive/local-codex-branches/codex/billing-entitlement-contract-proof
4286ba31ae0a4d1c6e0e50f607df8c6337f37cf8	refs/pull/100/head
4286ba31ae0a4d1c6e0e50f607df8c6337f37cf8	refs/tags/archive/codex-branches/codex/v0.7-windows-controlled-evidence-and-package-lifecycle-proof
4286ba31ae0a4d1c6e0e50f607df8c6337f37cf8	refs/tags/archive/local-codex-branches/codex/v0.7-windows-controlled-evidence-and-package-lifecycle-proof
428ad11dbb84d134f949c8ff8cc0d59a5dc19e72	refs/pull/9/head
429c49ad8b76861c88ea2364674533d1cb76b3ae	refs/pull/434/head
431efed90509d3157f346c8291e6638172a1e379	refs/pull/669/head
43649e7b25124ec039f406730c3d59685db31c82	refs/heads/codex/screen-wp26-source
43df35fc6f8f193c6653d3789e1fc7237899135e	refs/pull/341/head
43df35fc6f8f193c6653d3789e1fc7237899135e	refs/tags/archive/codex-branches/codex/e-b-v7-app-install-package-source-status-proof
43df35fc6f8f193c6653d3789e1fc7237899135e	refs/tags/archive/local-codex-branches/codex/e-b-v7-app-install-package-source-status-proof
442b03dabdc97ec9f0ac438a2a7def5673ef2d64	refs/pull/501/head
44a251bf496bdfe80d9c764cddb5009fe6aef6fe	refs/pull/339/head
44a251bf496bdfe80d9c764cddb5009fe6aef6fe	refs/tags/archive/codex-branches/codex/e-c-public-privacy-legal-support-docs-proof
44a251bf496bdfe80d9c764cddb5009fe6aef6fe	refs/tags/archive/local-codex-branches/codex/e-c-public-privacy-legal-support-docs-proof
44c0a747fa9ca2b3e321181180942ff02fc13ae2	refs/pull/440/head
44cff1a22756f3e056d1a43fee5b6a2fbf644d1c	refs/pull/248/head
44cff1a22756f3e056d1a43fee5b6a2fbf644d1c	refs/tags/archive/codex-branches/codex/billing-account-endpoint-contract-proof
44cff1a22756f3e056d1a43fee5b6a2fbf644d1c	refs/tags/archive/local-codex-branches/codex/billing-account-endpoint-contract-proof
44f3a61dca3872ab749a6f4924ae53eb7e6a3382	refs/tags/archive/local-manual-review-branches/codex/screen-ai-policy-integration-proof
44f3a61dca3872ab749a6f4924ae53eb7e6a3382	refs/tags/archive/manual-review-branches/codex/screen-ai-policy-integration-proof
44f66b2123654733c35d4665006c5747a40e9666	refs/heads/codex/dependency-review-setup-install-aug23
45473f82b6cdd19b5a57606d317c59b5a5c8cbd4	refs/tags/archive/local-manual-review-branches/codex/primary-device-wiring-safety-20260601
45473f82b6cdd19b5a57606d317c59b5a5c8cbd4	refs/tags/archive/manual-review-branches/codex/primary-device-wiring-safety-20260601
455c865d59fc07cc56791201c5d4c32946385dcb	refs/pull/622/head
456ea8805bc0b79fd36deb51554abdcb6a7245b0	refs/pull/384/head
456f1e6b54d1b62253b2c9e8f89117cce2a845d7	refs/pull/460/head
456f1e6b54d1b62253b2c9e8f89117cce2a845d7	refs/tags/archive/codex-branches/codex/local-ai-classifier-read-model-manual-report-proof
456f1e6b54d1b62253b2c9e8f89117cce2a845d7	refs/tags/archive/local-codex-branches/codex/local-ai-classifier-read-model-manual-report-proof
459cfe0483d68ccb4b3909382be1aa3cc5a11ddd	refs/heads/codex/dependency-review-cloudflare-aug23
45cfe56cf2340d6e548a79e457d50b5763ca2ada	refs/pull/667/head
45d8c794347a12e317a5aa68dded4456b7640ae4	refs/pull/275/head
45d8c794347a12e317a5aa68dded4456b7640ae4	refs/tags/archive/codex-branches/codex/notification-outbox-scheduler-proof
45e50594f84a48d5c573e0e4483124120a9b4d6f	refs/pull/98/head
45e50594f84a48d5c573e0e4483124120a9b4d6f	refs/tags/archive/codex-branches/codex/v0.7-ci-checkpoint-evidence-refresh
45e50594f84a48d5c573e0e4483124120a9b4d6f	refs/tags/archive/local-codex-branches/codex/v0.7-ci-checkpoint-evidence-refresh
460d7fecb0c151bbf054b55ff33053fcf2a50ed6	refs/tags/archive/local-only-branches/codex/screen-ai-stricter-parent-rule-proof
4610f9bf9c695c76b7ff11bf7a0f2143becf8bb3	refs/pull/432/head
463366ddddccbcd27dbd30e63021f7e9e218dadf	refs/tags/archive/local-manual-review-branches/codex/app-game-inventory-evidence-model
463366ddddccbcd27dbd30e63021f7e9e218dadf	refs/tags/archive/manual-review-branches/codex/app-game-inventory-evidence-model
466293a70bd09d54f6b1eafd270176b6c9e2a671	refs/pull/119/head
466293a70bd09d54f6b1eafd270176b6c9e2a671	refs/tags/archive/codex-branches/codex/activity-family-fanout-api-ai-runtime
466293a70bd09d54f6b1eafd270176b6c9e2a671	refs/tags/archive/local-codex-branches/codex/activity-family-fanout-api-ai-runtime
4668ce38febced24237415e0b1fdf85a24d784ff	refs/tags/archive/local-manual-review-branches/codex/tracking-unsupported-platform-portal-proof
4668ce38febced24237415e0b1fdf85a24d784ff	refs/tags/archive/manual-review-branches/codex/tracking-unsupported-platform-portal-proof
467d519de61fb8f0d3e1d8f892b0ec0a99da878f	refs/pull/151/head
467d519de61fb8f0d3e1d8f892b0ec0a99da878f	refs/tags/archive/codex-branches/codex/local-ai-provider-runtime-scheduler-proof
46f0aee9604ff8d79ffb26c033184f8523fd12ba	refs/pull/41/head
4743b7b891a88d801587858e36946ff68569ccd4	refs/pull/56/head
47e2294fac11fc0e3d245a497cf4b0eb96cc80c0	refs/pull/28/head
481a329127d7ebed78c2f889429f798b003aa675	refs/tags/archive/local-manual-review-branches/codex/tracking-expected-place-alert-policy-proof
481a329127d7ebed78c2f889429f798b003aa675	refs/tags/archive/manual-review-branches/codex/tracking-expected-place-alert-policy-proof
481fea7865456f4018c6243aaca46562ec859b9a	refs/pull/267/head
48ef3d295cdcf7e2cf57e3efbf0397fb6bc0126b	refs/pull/683/head
492606b904d1180578cd88095fc4e7813ec4a09f	refs/tags/archive/manual-review-branches/codex/app-game-source-gated-policy-preview-timer-service-readiness-protocol-handoff
49b03136b02fd1eb63e279df4b5b836630cb2185	refs/heads/codex/data-wp06-routing-refresh
49e128c16305388edc48d457a310cb5f1b78e704	refs/heads/codex/parent-runtime-snapshots-network-policy-compile-aug23
49e4c1c22e8d4ece7f11a5131cd5f66524b3d93b	refs/tags/archive/local-only-branches/codex/pr240-windows-e2e-triage
49fdce6ae6c1dbb0e0bed15951e2fcc9d7dd7f40	refs/tags/archive/local-manual-review-branches/codex/network-row10i-dispatch-readiness-on-row10h
49fdce6ae6c1dbb0e0bed15951e2fcc9d7dd7f40	refs/tags/archive/manual-review-branches/codex/network-row10i-dispatch-readiness-on-row10h
4afa6b5386be59b62c904fadb5046b651edbe834	refs/pull/701/head
4b019d0a72dc8c61d7f5a938b716ecf2dabe8f98	refs/tags/archive/local-manual-review-branches/codex/browser-windows-registry-start-menu-proof
4b55737c3c8d360ef3f792f9d10b1bf0142a8bf1	refs/pull/437/head
4be3fd4bdbbb0ec0b22bd029196c2915b250375c	refs/pull/19/head
4c4f33d22fdf9c06921f41fd7ad23e1d08970ed2	refs/tags/archive/local-only-branches/codex/parent-owned-storage-connector-status-proof
4c7569589566b905c71782bfb93e4ac478bb2736	refs/pull/376/head
4c7569589566b905c71782bfb93e4ac478bb2736	refs/tags/archive/codex-branches/codex/eventing-runtime-completion
4d605dc5938856ffdee6dcb183b8fd2d95bd0c5b	refs/heads/codex/device-trust-graph-repair
4d9ae16c2da5607d4003d0797b64c9fd69c19ad9	refs/tags/archive/local-manual-review-branches/codex/activity-report-persistence-family-mia-context
4d9ae16c2da5607d4003d0797b64c9fd69c19ad9	refs/tags/archive/manual-review-branches/codex/activity-report-persistence-family-mia-context
4df900ee37baea2cf498ba4bed224225fec5a981	refs/pull/700/head
4e6bc74f916be02d2dff2c1c765feedb36c3de76	refs/pull/132/head
4e6bc74f916be02d2dff2c1c765feedb36c3de76	refs/tags/archive/codex-branches/codex/browser-control-manifest-schema-coverage
4e6bc74f916be02d2dff2c1c765feedb36c3de76	refs/tags/archive/local-codex-branches/codex/browser-control-manifest-schema-coverage
4e760389d54d32292a9418fd59a301c33f0a57f7	refs/pull/532/head
4e760389d54d32292a9418fd59a301c33f0a57f7	refs/tags/archive/codex-branches/codex/e-c-production-support-backend-runtime-closure
4e760389d54d32292a9418fd59a301c33f0a57f7	refs/tags/archive/local-codex-branches/codex/e-c-production-support-backend-runtime-closure
4e9877efc3b8beda9d6f71ed680c416a8fc64574	refs/pull/59/head
4eb0729209d489406968936735fac62b5d47b9a3	refs/tags/archive/local-manual-review-branches/codex/app-game-windows-store-inventory
4eb0729209d489406968936735fac62b5d47b9a3	refs/tags/archive/manual-review-branches/codex/app-game-windows-store-inventory
4ece515282822de5bf64f58e5a21b3ea2549134b	refs/heads/develop
4ecee64c98b797104177a3de550655aa2c0f78c8	refs/heads/codex/cloudflare-wp06-runtime-map
4ef5da074c6f122e242e986c68a8b92ccf57ac33	refs/pull/30/head
4f4c112834847283b28246c94331120ac001f74d	refs/pull/561/head
4fc18c595e7fd7efef70836e18177a23bf648c19	refs/tags/archive/local-only-branches/codex/app-plan-evidence-control-continuation
4fdc2fe44bbcb38d36f4465549d115fbeec20783	refs/pull/593/head
4ffc59cb447655cc6cd55f0d534f72cfcb960c26	refs/pull/498/head
51f5aa8beac1b9a582da92afca1578440aa91d2b	refs/tags/archive/local-manual-review-branches/codex/network-remote-torrent-download-classifier-proof-artifacts
51f5aa8beac1b9a582da92afca1578440aa91d2b	refs/tags/archive/manual-review-branches/codex/network-remote-torrent-download-classifier-proof-artifacts
522129f023bae20e70bd0bd5733d06973f3c811f	refs/tags/archive/local-manual-review-branches/codex/app-game-identity-contracts
522129f023bae20e70bd0bd5733d06973f3c811f	refs/tags/archive/manual-review-branches/codex/app-game-identity-contracts
52220bcc2eb970cd8eb43b8a1fed1035847a9651	refs/pull/336/head
52220bcc2eb970cd8eb43b8a1fed1035847a9651	refs/tags/archive/codex-branches/codex/app-game-notification-provider-status-handoff
52220bcc2eb970cd8eb43b8a1fed1035847a9651	refs/tags/archive/local-codex-branches/codex/app-game-notification-provider-status-handoff
52bcf367980d76d301fe84d37537501358d96c3d	refs/pull/381/head
538b9bc995e6dcf11a05816bc520245f63fc3360	refs/pull/626/head
53b5d195d3e66605c59f430f04406c4e000a9e2a	refs/heads/codex/account-wp03-source-wave
53d3dc52f79c6388b4dcb9bbf17a6a0693f99041	refs/pull/279/head
53d3dc52f79c6388b4dcb9bbf17a6a0693f99041	refs/tags/archive/codex-branches/codex/app-install-purchase-platform-artifact-proof
53d3dc52f79c6388b4dcb9bbf17a6a0693f99041	refs/tags/archive/local-codex-branches/codex/app-install-purchase-platform-artifact-proof
54aee8684efb3e41d59215a8c2c3a3210c770333	refs/pull/380/head
54e587450c419b12d78d229c975963c0e9f778dd	refs/tags/archive/local-manual-review-branches/codex/app-game-inventory-display-gate-proof
54e587450c419b12d78d229c975963c0e9f778dd	refs/tags/archive/manual-review-branches/codex/app-game-inventory-display-gate-proof
55016a8747d1ed2d2c7a6334003f257d096c8e48	refs/pull/217/head
55016a8747d1ed2d2c7a6334003f257d096c8e48	refs/tags/archive/codex-branches/codex/v0-8-product-control-runtime-proof
55016a8747d1ed2d2c7a6334003f257d096c8e48	refs/tags/archive/local-codex-branches/codex/v0-8-product-control-runtime-proof
551bc88853e37f7f231049f25a55191a15d58fe2	refs/pull/221/head
551bc88853e37f7f231049f25a55191a15d58fe2	refs/tags/archive/codex-branches/codex/portal-ux-real-household-surfaces
551bc88853e37f7f231049f25a55191a15d58fe2	refs/tags/archive/local-codex-branches/codex/portal-ux-real-household-surfaces
5526fdf4df5675097d7900fb3064a921242528fd	refs/pull/410/head
557b6cd69d344aaa9cd9395f8253af5cada00a7a	refs/tags/archive/local-manual-review-branches/codex/tracking-retention-writer-boundary-proof
557b6cd69d344aaa9cd9395f8253af5cada00a7a	refs/tags/archive/manual-review-branches/codex/tracking-retention-writer-boundary-proof
5583475ed6c4fde8f1502a1a47bde076bf1d452f	refs/pull/86/head
5583475ed6c4fde8f1502a1a47bde076bf1d452f	refs/tags/archive/codex-branches/codex/v0.8-enforcement-permission-dependency-proof
5583475ed6c4fde8f1502a1a47bde076bf1d452f	refs/tags/archive/local-codex-branches/codex/v0.8-enforcement-permission-dependency-proof
558387c266b0e477bb5661f386879fc1ed640fa0	refs/heads/codex/eventing-wp08-wp11-source-aug23
55c6305bf3eda50bc8e9f2d1edd37a4211a756bd	refs/pull/587/head
55df7b644e6a3fddd8904a0875bc00c3d96c0c1a	refs/pull/302/head
563c29f6e70ddb053bb922aefebd8f133191b212	refs/pull/619/head
564d45fcb07df4d5d264424d984398c0205e1e8a	refs/pull/420/head
564d45fcb07df4d5d264424d984398c0205e1e8a	refs/tags/archive/codex-branches/codex/e-c-production-support-legal-provider-readiness-proof
564d45fcb07df4d5d264424d984398c0205e1e8a	refs/tags/archive/local-codex-branches/codex/e-c-production-support-legal-provider-readiness-proof
564ebbf2c6cc5442226ce59cf932184e2f6265c0	refs/pull/565/head
56c590811aabff3228b26d13940c1907f797074a	refs/pull/446/head
56c590811aabff3228b26d13940c1907f797074a	refs/tags/archive/codex-branches/codex/e-c-production-support-privacy-legal-disclosure-status-proof
56c590811aabff3228b26d13940c1907f797074a	refs/tags/archive/local-codex-branches/codex/e-c-production-support-privacy-legal-disclosure-status-proof
571a57940074665a1fedf42894479db092f29f6f	refs/pull/54/head
571a57940074665a1fedf42894479db092f29f6f	refs/tags/archive/codex-branches/codex/v07-real-evidence-proof-checkpoint
571a57940074665a1fedf42894479db092f29f6f	refs/tags/archive/local-codex-branches/codex/v07-real-evidence-proof-checkpoint
5747eae9926abbcc25f7cda4dd0426028c5b5aaf	refs/pull/671/head
57c13f55fb990f3ef996d213da76ee2309421dc8	refs/pull/703/head
57d52eb34c4a77a281bf839c48e124e2aa7edbb9	refs/pull/375/head
5809976feeb385416eb580cff7557f6f863d4ffa	refs/tags/archive/local-only-branches/codex/b-parked-main
5809976feeb385416eb580cff7557f6f863d4ffa	refs/tags/archive/local-only-branches/codex/d-parked-main
580b495a816794c24d32bb6c892bdd4e6b826411	refs/pull/188/head
587bfaf768676741e85e193696f366a5ae5349c5	refs/pull/423/head
589c23c1f97fa9206c94fac35e3c956454967e62	refs/pull/577/head
58db69ccb8197df5eff96cbef5c7d5497ba8382c	refs/pull/55/head
58db69ccb8197df5eff96cbef5c7d5497ba8382c	refs/tags/archive/codex-branches/codex/cross-platform-deliverables-plan
58db69ccb8197df5eff96cbef5c7d5497ba8382c	refs/tags/archive/local-codex-branches/codex/cross-platform-deliverables-plan
58f53c2c670ba54139b30bb64e8a297afe480ddc	refs/pull/644/head
59112478760989e39d903493d7c78fac88c5563b	refs/pull/451/head
59112478760989e39d903493d7c78fac88c5563b	refs/tags/archive/codex-branches/codex/local-ai-parent-rule-context-builder-proof
59112478760989e39d903493d7c78fac88c5563b	refs/tags/archive/local-codex-branches/codex/local-ai-parent-rule-context-builder-proof
5928520855873e7b60828571a7d7c7702ff6f63f	refs/pull/91/head
594134fbf83deaff81fdecc79fa135345625f098	refs/heads/codex/data-wp06-source-completion
59558b7a61c7ee8796725ebd8e231f5bc04e4b23	refs/pull/653/head
59b212e8ef6d44bb4fc0b8f968b05143ac9ea5c9	refs/tags/archive/local-manual-review-branches/codex/network-row10k-transport-dispatch-state-on-row10j
59b212e8ef6d44bb4fc0b8f968b05143ac9ea5c9	refs/tags/archive/local-only-branches/codex/network-row10l-transport-dispatch-status-on-row10k
59b212e8ef6d44bb4fc0b8f968b05143ac9ea5c9	refs/tags/archive/manual-review-branches/codex/network-row10k-transport-dispatch-state-on-row10j
59cd2285c32f916a161d4c0187e0cea720baa174	refs/pull/415/head
59de3df3a021ffc55f0d7ba3400cfdee8972aa55	refs/pull/308/head
59de3df3a021ffc55f0d7ba3400cfdee8972aa55	refs/tags/archive/codex-branches/codex/e-b-v7-app-install-purchase-continuation
59de3df3a021ffc55f0d7ba3400cfdee8972aa55	refs/tags/archive/local-codex-branches/codex/e-b-v7-app-install-purchase-continuation
59ea1c74963dd777c2b1c7e759d929afb47f2b67	refs/pull/200/head
59ea1c74963dd777c2b1c7e759d929afb47f2b67	refs/tags/archive/codex-branches/codex/browser-activity-service-backed-ui-spine
59eefd0d236577405a15d257fa88763b587ab9ed	refs/heads/codex/account-wp03-runtime-source
5a04967ebdae8efe0a6dbf174f55c692146e4915	refs/tags/archive/local-manual-review-branches/codex/app-game-runtime-policy-consumption
5a04967ebdae8efe0a6dbf174f55c692146e4915	refs/tags/archive/manual-review-branches/codex/app-game-runtime-policy-consumption
5a638cbdd6653938b568ab5b9fe2960597337f6d	refs/pull/506/head
5a70dbb2a70b870e5d945418b2bdcd9f71504ec0	refs/pull/603/head
5a754dc17a1743a69085b5e39cc826b3979d9edb	refs/tags/archive/local-only-branches/codex/e-c-production-support-status-backend-delete-executor-proof
5abfa5dcd207342db1becd36a3ea4dfb7682c2ec	refs/pull/691/head
5ac2e46d732e5145c51045b43a8e425fffb2ca03	refs/pull/511/head
5acee67ba4d5f0f611005f02203280446c57e21f	refs/pull/370/head
5b9d9c295a65c76451163081c73326ce9533c1a4	refs/pull/646/head
5bf65bc056564983dbf290044cf2c564398d716a	refs/pull/386/head
5c3ca37f9c5305124ada6935dc42d66259a96b5a	refs/tags/archive/local-manual-review-branches/codex/screen-ai-memory-graph-source-proof
5c3ca37f9c5305124ada6935dc42d66259a96b5a	refs/tags/archive/manual-review-branches/codex/screen-ai-memory-graph-source-proof
5c5e218b2b04cb460b16ffd7428d17220549eb49	refs/tags/archive/local-manual-review-branches/codex/tracking-wsl-local-proof
5c5e218b2b04cb460b16ffd7428d17220549eb49	refs/tags/archive/manual-review-branches/codex/tracking-wsl-local-proof
5c674b5d959665406af878145c53bc05955cc5ec	refs/pull/528/head
5c674b5d959665406af878145c53bc05955cc5ec	refs/tags/archive/local-manual-review-branches/codex/app-game-macos-hard-block-gate-proof-split
5c674b5d959665406af878145c53bc05955cc5ec	refs/tags/archive/manual-review-branches/codex/app-game-macos-hard-block-gate-proof-split
5cc3a12cb1dc5726abd63a99118745954e090726	refs/pull/657/head
5cc99b4cf9eee4294e67ebbc7cc7799896e51e0d	refs/pull/595/head
5ce7d45cad44416dc28d18b33167ddcebcae56f3	refs/pull/16/head
5d02f5f58ef656920d2a7fa9cc11e0e4984316ad	refs/pull/575/head
5d06306b7ff935bde59ee93392ee8b4e526900d9	refs/tags/archive/local-codex-branches/codex/v0.8-windows-app-time-limit-adapter-mvp
5d49e5da1000666e4b3de872cf0fac75db5f6366	refs/heads/codex/lan-wp07-repair-round3-current-aug24
5d5aebadf69f8dd70d1ddb1f59aedf29dd5bbcb1	refs/tags/archive/local-manual-review-branches/codex/app-game-timer-service-response-consumer-parent-surface-status-read-model-parent-surface-read-model-handoff-wp113
5d5aebadf69f8dd70d1ddb1f59aedf29dd5bbcb1	refs/tags/archive/manual-review-branches/codex/app-game-timer-service-response-consumer-parent-surface-status-read-model-parent-surface-read-model-handoff-wp113
5d6a8e6da84ab28a8ef8b3e355e7cc92e64845ea	refs/pull/678/head
5d7d2e17153a149d541eb97b24f7f9ba432b37d5	refs/pull/40/head
5d8f275150f3f934b11abc7e2e955644a9cc821f	refs/tags/archive/local-manual-review-branches/codex/app-game-timer-service-read-api-response-consumer-handoff-wp107
5d8f275150f3f934b11abc7e2e955644a9cc821f	refs/tags/archive/manual-review-branches/codex/app-game-timer-service-read-api-response-consumer-handoff-wp107
5ddde356b7b45fa4fd1441168cce6359f3c2860d	refs/tags/archive/local-only-branches/codex/screen-plan-docs
5df45e9ea0266411ce4a691241f66f05a3b3c697	refs/pull/324/head
5df45e9ea0266411ce4a691241f66f05a3b3c697	refs/tags/archive/local-only-branches/codex/e-c-public-release-status-support-proof
5ea1d053e0e214ac0080289884c091b8400d8a3d	refs/pull/609/head
5ecf0282b905c26c5972e294e8865ce113476038	refs/pull/191/head
5ecf0282b905c26c5972e294e8865ce113476038	refs/tags/archive/local-manual-review-branches/codex/browser-policy-tabs-ia
5ecf0282b905c26c5972e294e8865ce113476038	refs/tags/archive/manual-review-branches/codex/browser-policy-tabs-ia
5f0280f711a6d66c96338e45382d17594aca39aa	refs/heads/codex/device-wp01-fence-participant-aug23
5f12173074f5b15b445f93b14c3435c5382c7c2e	refs/pull/88/head
5f12173074f5b15b445f93b14c3435c5382c7c2e	refs/tags/archive/local-only-branches/codex/v0.7-cross-platform-package-preview-proof-after-pr87
5f50ecb5638f24ec9ddff03e5b6067f7db72c708	refs/pull/145/head
5f50ecb5638f24ec9ddff03e5b6067f7db72c708	refs/tags/archive/codex-branches/codex/v0-9-household-lan-production-discovery-proof
5f50ecb5638f24ec9ddff03e5b6067f7db72c708	refs/tags/archive/local-codex-branches/codex/v0-9-household-lan-production-discovery-proof
5fabf4967650c2fae9998d14df923cc8f562d131	refs/pull/171/head
5fabf4967650c2fae9998d14df923cc8f562d131	refs/tags/archive/codex-branches/codex/parent-mobile-service-bridge-proof
5fabf4967650c2fae9998d14df923cc8f562d131	refs/tags/archive/local-codex-branches/codex/parent-mobile-service-bridge-proof
5fb672d38e215597a55dc5616e1851b43781eeed	refs/pull/588/head
5fb9f39a0b8f67c98e997277aa90dc6dbc6e8c74	refs/pull/442/head
5fcd2ee3f7408358305cabeb0b1933efde1d75b4	refs/tags/archive/local-only-branches/codex/v0.7-checkpoint-validation-after-pr86
5ff767cacd40acbd07cea20ef19ea84e31b38652	refs/pull/576/head
6074aa4c208a67e76ba5006c20e7ff5dd2282a5f	refs/pull/210/head
6074aa4c208a67e76ba5006c20e7ff5dd2282a5f	refs/tags/archive/codex-branches/codex/canonical-devices-route
6074aa4c208a67e76ba5006c20e7ff5dd2282a5f	refs/tags/archive/local-codex-branches/codex/canonical-devices-route
60ac0c0b9512f2224571bf0968ab9cb466a8f399	refs/tags/archive/local-manual-review-branches/codex/network-policy-preview-flow-proof
60ac0c0b9512f2224571bf0968ab9cb466a8f399	refs/tags/archive/manual-review-branches/codex/network-policy-preview-flow-proof
60acdfde645a56ef05738ef3f1796c33bf9546bc	refs/heads/codex/data-wp06-query-source-wave
60ba51ee72b13d5e1192eb2333f357d01be3634d	refs/pull/298/head
60e6e5bf64542fa9c05a678641aec2a0059826c8	refs/tags/archive/local-manual-review-branches/codex/network-eventing-row45-proof-artifacts
60e6e5bf64542fa9c05a678641aec2a0059826c8	refs/tags/archive/manual-review-branches/codex/network-eventing-row45-proof-artifacts
60ea925bcdf78473dfb09d434f61de8380925fe0	refs/pull/481/head
60ea925bcdf78473dfb09d434f61de8380925fe0	refs/tags/archive/codex-branches/codex/network-action-result-state-proof
60ea925bcdf78473dfb09d434f61de8380925fe0	refs/tags/archive/local-codex-branches/codex/network-action-result-state-proof
6111f7be5d42c6e34cea5cfa99631d6377ce2c71	refs/tags/archive/local-only-branches/codex/wp100-pre-pr453-stack-backup
615ccd9b1292f2b1519d62a2cd619a05997c6481	refs/tags/archive/local-manual-review-branches/codex/local-ai-deterministic-classifier-proof
615ccd9b1292f2b1519d62a2cd619a05997c6481	refs/tags/archive/manual-review-branches/codex/local-ai-deterministic-classifier-proof
618beda2daa48adea82b7e70b54c34a358c83103	refs/pull/538/head
618beda2daa48adea82b7e70b54c34a358c83103	refs/tags/archive/codex-branches/codex/e-b-app-install-runtime-transport-delivery-execution
618beda2daa48adea82b7e70b54c34a358c83103	refs/tags/archive/local-codex-branches/codex/e-b-app-install-runtime-transport-delivery-execution
618e26a776d608cc96d7d703d22a92ef8934a389	refs/pull/417/head
61c46052755474d79c7eac5aa82512de1e76bd49	refs/pull/558/head
61fea2ebfedbe74a1e19f70901885eb861954019	refs/pull/177/head
61fea2ebfedbe74a1e19f70901885eb861954019	refs/tags/archive/codex-branches/codex/v0-8-browser-domain-adapter-proof
61fea2ebfedbe74a1e19f70901885eb861954019	refs/tags/archive/local-codex-branches/codex/v0-8-browser-domain-adapter-proof
625530447e9627039940b08bc7271fa760c1ae3d	refs/heads/codex/protected-custody-source-aug24
628c2e623868f69a7f119189241bd46559371e33	refs/heads/codex/protected-custody-foundation-route-aug24
62d7f83f41c9b4d8f2a459309c993ca3eaf14cae	refs/pull/33/head
62dee64f35f8080281c90fdd9eac6c681aa28b83	refs/tags/archive/local-only-branches/codex/app-game-policy-preview-source-kind-bridge
62fdebcc5cae6c5708230180b5e76bcb7a9c17c8	refs/pull/235/head
62fdebcc5cae6c5708230180b5e76bcb7a9c17c8	refs/tags/archive/codex-branches/codex/activity-report-family-fanout-mia-evidence
62fdebcc5cae6c5708230180b5e76bcb7a9c17c8	refs/tags/archive/local-codex-branches/codex/activity-report-family-fanout-mia-evidence
63305016fccaee55a77acf2f7f87f346ff2417df	refs/heads/codex/payment-source-wave
635018128eb7ee9471ffe4acfee8fc5656951d6f	refs/tags/archive/local-manual-review-branches/codex/network-risk-target-policy-handoff-proof
635018128eb7ee9471ffe4acfee8fc5656951d6f	refs/tags/archive/manual-review-branches/codex/network-risk-target-policy-handoff-proof
63836742b26ac1215de1d2a991135c3c666a010d	refs/pull/347/head
6414ac6fd5b872f3b66d8544458457ce1b5dff19	refs/pull/140/head
6414ac6fd5b872f3b66d8544458457ce1b5dff19	refs/tags/archive/codex-branches/codex/games-control-catalog-contracts
6414ac6fd5b872f3b66d8544458457ce1b5dff19	refs/tags/archive/local-codex-branches/codex/games-control-catalog-contracts
64312c19eee48f737e79861646a2caefcd390cca	refs/tags/archive/local-codex-branches/codex/eventing-network-runtime-implementation
646c5cdb1434d221ac6dfab810272d4459fb5f32	refs/pull/321/head
646c5cdb1434d221ac6dfab810272d4459fb5f32	refs/tags/archive/local-only-branches/codex/screen-managed-browser-cdp-capture-proof
6481177413c2aa0ada57112cdd1e68bc6dbb9703	refs/pull/31/head
64a8700f0b7dfeb93b88f356956d48e8fcd1d35d	refs/pull/519/head
64c05c39bd20591c6eca4a37f201cffdc5a98dfe	refs/pull/13/head
64f4bce8e138394c701c2516839456af302b7cdb	refs/pull/462/head
64f4bce8e138394c701c2516839456af302b7cdb	refs/tags/archive/codex-branches/codex/tracking-hosted-retention-settings-ui-proof
64f4bce8e138394c701c2516839456af302b7cdb	refs/tags/archive/local-codex-branches/codex/tracking-hosted-retention-settings-ui-proof
6512e4d2403b437443ee86dd3285dbc45e9b5ba9	refs/pull/180/head
6512e4d2403b437443ee86dd3285dbc45e9b5ba9	refs/tags/archive/codex-branches/codex/activity-mia-evidence-final-pass
6512e4d2403b437443ee86dd3285dbc45e9b5ba9	refs/tags/archive/local-codex-branches/codex/activity-mia-evidence-final-pass
651efd09f9215938e84961082275c0990edf5492	refs/pull/407/head
6554a33b884f6cd2f3f4cf6d5132cbeee5bd17ae	refs/tags/archive/local-only-branches/codex/browser-windows-registry-inventory-proof
66322259d3fa0286b7d5d495f3e7e7cd42293046	refs/tags/archive/local-manual-review-branches/codex/app-game-notification-payload-preflight
66322259d3fa0286b7d5d495f3e7e7cd42293046	refs/tags/archive/manual-review-branches/codex/app-game-notification-payload-preflight
664eb2665099c408d57dbc7c7ec67cd245ba2c18	refs/heads/codex/ai-wp03-contract-repair2-aug24
6700b97a3bed2679c7360f984061fab575827ab0	refs/pull/338/head
6728a1d44160ac60af9d2fe3cfaa2c7123983e06	refs/pull/702/head
673d4aca1cff25ac6be7529738156ce821dce4f3	refs/heads/codex/parent-runtime-snapshots-product-compile-aug23
6789b484413ffbde0d5f8b1da40d663ee650edea	refs/pull/103/head
6789b484413ffbde0d5f8b1da40d663ee650edea	refs/tags/archive/local-only-branches/codex/v0.8-windows-enforcement-mvp
67c6542eb2a0a1484329224b3d84aa63e57770c8	refs/pull/524/head
67cb9cba22a4bbd4d923ddafd95ad64f4c116d16	refs/tags/archive/local-manual-review-branches/codex/network-row10a-broker-proof-stable-artifacts
67cb9cba22a4bbd4d923ddafd95ad64f4c116d16	refs/tags/archive/manual-review-branches/codex/network-row10a-broker-proof-stable-artifacts
68048b54d820fdbade61eea2e4361a5e1d931bf3	refs/pull/165/head
68048b54d820fdbade61eea2e4361a5e1d931bf3	refs/tags/archive/codex-branches/codex/v0-9-household-lan-product-proof
68048b54d820fdbade61eea2e4361a5e1d931bf3	refs/tags/archive/local-codex-branches/codex/v0-9-household-lan-product-proof
68243c696370b13b84f1e2fa541353be54692398	refs/tags/archive/local-manual-review-branches/codex/browser-ai-proof-gate-ui-delivery-proof
68243c696370b13b84f1e2fa541353be54692398	refs/tags/archive/manual-review-branches/codex/browser-ai-proof-gate-ui-delivery-proof
683a07cf31680e1a29938651411a948d4a4b1583	refs/heads/production
6853d804a1e2120c6e617cdf68bc6d37f413b380	refs/pull/244/head
6853d804a1e2120c6e617cdf68bc6d37f413b380	refs/tags/archive/codex-branches/codex/app-install-purchase-approval-contract-proof
6853d804a1e2120c6e617cdf68bc6d37f413b380	refs/tags/archive/local-codex-branches/codex/app-install-purchase-approval-contract-proof
68adec7fe10286668adaea22096730b28467fdbf	refs/heads/codex/dependency-review-cloudflare-topology-aug23
68bcd94af27335068a85a2099acbd7742a402aeb	refs/pull/104/head
68bcd94af27335068a85a2099acbd7742a402aeb	refs/tags/archive/local-only-branches/codex/v0.9-lan-pairing-control-mvp
68d0ae43af27835340bc7f0059dc9a49dff23df6	refs/tags/archive/local-only-branches/codex/app-game-notification-parent-surface-intent
6975ced3787a0874b2499fa4ded0a906c4869fd1	refs/tags/archive/local-manual-review-branches/codex/tracking-ai-provider-readiness-proof
6975ced3787a0874b2499fa4ded0a906c4869fd1	refs/tags/archive/manual-review-branches/codex/tracking-ai-provider-readiness-proof
697ac95a16da3decaad4e3474b5dbc97903732b2	refs/pull/355/head
69c3dab85f83e7a4528201f12f61314ee857a6e5	refs/pull/27/head
69ded8127c71fec1de44ad169c4dfa5d34ca0523	refs/heads/codex/lan-wp01-05-source-aug24
6a2f79dd5c9ebdb81fe49e89664d6e7ca9116feb	refs/pull/327/head
6a688eef4d9c35a8ba097f97a5e23384ef111c96	refs/tags/archive/local-codex-branches/codex/screen-ai-service-native-game-analysis-proof
6ab5c60945e3f9e6acd2c01c26549d43e2efc39d	refs/tags/archive/local-manual-review-branches/codex/network-remote-event-chain-journal-proof-on-row10b
6ab5c60945e3f9e6acd2c01c26549d43e2efc39d	refs/tags/archive/manual-review-branches/codex/network-remote-event-chain-journal-proof-on-row10b
6ac266d2a6408a4c0f9fb97e4ab18b454d7c0567	refs/pull/331/head
6af6795da4d65e58a6e88c624b7bf3cdfba5eb61	refs/pull/520/head
6b6420c380f4a2817a5f01ca7df4cdbb6d2f0c14	refs/pull/439/head
6b87373755fbcd51e08cf582dfa0b60dc08982f9	refs/tags/archive/local-manual-review-branches/codex/app-game-source-gated-policy-preview-timer-service-readiness-protocol-command-handoff
6b87373755fbcd51e08cf582dfa0b60dc08982f9	refs/tags/archive/manual-review-branches/codex/app-game-source-gated-policy-preview-timer-service-readiness-protocol-command-handoff
6c1ee115f9dd0d5fac107b73e03503f2a6f55fe0	refs/pull/363/head
6c386cf54fea2d9d88d8d18175e76841345328eb	refs/pull/605/head
6c64e0bd665319fe4d024253b7fc26ef04fc9b2b	refs/pull/35/head
6c6804b3c92d4fefbaa776ab94cdc3849d012e5d	refs/pull/247/head
6c6804b3c92d4fefbaa776ab94cdc3849d012e5d	refs/tags/archive/codex-branches/codex/release-support-incident-handoff-proof
6c6804b3c92d4fefbaa776ab94cdc3849d012e5d	refs/tags/archive/local-codex-branches/codex/release-support-incident-handoff-proof
6c690e642493d780de866b2530e6b893b05b8505	refs/tags/archive/local-manual-review-branches/codex/screen-ai-confidence-policy-guard-proof
6c690e642493d780de866b2530e6b893b05b8505	refs/tags/archive/manual-review-branches/codex/screen-ai-confidence-policy-guard-proof
6c8642b842a71cf1fec2c45c02b516b1476b5907	refs/pull/599/head
6c8fcc8135374dedda89f40740bfa860300ac1be	refs/pull/649/head
6ca0da201c43e2cc2f5d6262c006c92b5b921d2d	refs/heads/codex/account-authority-producer-map
6cc596a9657724e517beac301912803bfec626cd	refs/pull/354/head
6cc596a9657724e517beac301912803bfec626cd	refs/tags/archive/local-manual-review-branches/codex/app-game-notification-parent-surface-ui-wp66
6cc596a9657724e517beac301912803bfec626cd	refs/tags/archive/manual-review-branches/codex/app-game-notification-parent-surface-ui-wp66
6cc83ccb3c39809310927e599aa83a1ef34f8841	refs/heads/codex/dependency-review-custody-delivery-aug23
6cdda576dfd1713efbed14234bac3500d7742b5e	refs/tags/archive/local-manual-review-branches/codex/tracking-platform-local-proof
6cdda576dfd1713efbed14234bac3500d7742b5e	refs/tags/archive/manual-review-branches/codex/tracking-platform-local-proof
6cec4d866192e56981b2c32cc7e3b843a2a14382	refs/pull/431/head
6d20e883d242773307c1ca1d110d5085f3f10978	refs/pull/95/head
6d20e883d242773307c1ca1d110d5085f3f10978	refs/tags/archive/codex-branches/codex/v0.8-enforcement-approval-audit-proof
6d20e883d242773307c1ca1d110d5085f3f10978	refs/tags/archive/local-codex-branches/codex/v0.8-enforcement-approval-audit-proof
6d42a50ae1b1e29782ad4a3232b75363b2985b10	refs/tags/archive/local-manual-review-branches/codex/local-ai-text-parser-policy-handoff-proof
6d42a50ae1b1e29782ad4a3232b75363b2985b10	refs/tags/archive/manual-review-branches/codex/local-ai-text-parser-policy-handoff-proof
6d6c86f2403ec51310ece310424ea67b26f3132c	refs/pull/449/head
6d6e0da51b2d0db2186c56b8c4030ca2e899a13b	refs/pull/366/head
6da39d4d6dfc5e4853e966f21dac32ecd11d2b56	refs/heads/codex/cloudflare-wp05-source-completion
6eed1573ced7a6d988fc03c073967a165db0dab2	refs/heads/codex/parent-runtime-data-restore-compile-aug23
6ef7ef1e5747a17fbc098daedbb65a74e96d53d2	refs/tags/archive/local-manual-review-branches/codex/tracking-portal-display-boundary-proof
6ef7ef1e5747a17fbc098daedbb65a74e96d53d2	refs/tags/archive/manual-review-branches/codex/tracking-portal-display-boundary-proof
6f3160862c03b25b6cb512f27d51d0c50ac19d9e	refs/pull/202/head
6f3160862c03b25b6cb512f27d51d0c50ac19d9e	refs/tags/archive/codex-branches/codex/v0.9-household-multi-device-proof-gates
6f3160862c03b25b6cb512f27d51d0c50ac19d9e	refs/tags/archive/local-codex-branches/codex/v0.9-household-multi-device-proof-gates
6f99bf940333f5fea9bd7abb57856f41a0563548	refs/pull/494/head
6fc581a0b4609df2a2ad94f19252b7de224cafc5	refs/pull/563/head
70152098f9579030f7c4c299d3b9fd5bddf0143c	refs/pull/400/head
7054d158c1a021e22de2f809a22be2008a99cdb6	refs/pull/696/head
7064050c38ce529ff6dc91af55bfeaaac2e904b2	refs/pull/666/head
7079cf0a3f4b7205f623f53e523a534ec817cb50	refs/pull/285/head
7079cf0a3f4b7205f623f53e523a534ec817cb50	refs/tags/archive/codex-branches/codex/app-game-category-risk-policy-routing
7079cf0a3f4b7205f623f53e523a534ec817cb50	refs/tags/archive/local-codex-branches/codex/app-game-category-risk-policy-routing
7092b1c94381303b8440cd9233fc46346a977f46	refs/heads/codex/account-wp08-wp03-compile-repair
70f2a6fde553d75c5fea33fab3132dd9d649f0f1	refs/pull/34/head
71433b2f7d16616a9848f18a5219605ca21a4965	refs/pull/212/head
71433b2f7d16616a9848f18a5219605ca21a4965	refs/tags/archive/codex-branches/codex/portal-runtime-devices-route-proof
71c70b153ae8fa12028c1a423fd3c286c13856f7	refs/pull/425/head
72003e50802d6cb662ab98ca45b8b61e9600bf35	refs/tags/archive/local-manual-review-branches/codex/screen-ai-confidence-policy-proof
72003e50802d6cb662ab98ca45b8b61e9600bf35	refs/tags/archive/manual-review-branches/codex/screen-ai-confidence-policy-proof
722f88962dbb2961d5c55b22b0cfcc4e05130098	refs/pull/438/head
72435fbb2df7b35cd66c1a8ce58718eedf1c1cc5	refs/pull/297/head
72435fbb2df7b35cd66c1a8ce58718eedf1c1cc5	refs/tags/archive/codex-branches/codex/browser-social-ux-text-tokens
72435fbb2df7b35cd66c1a8ce58718eedf1c1cc5	refs/tags/archive/local-codex-branches/codex/browser-social-ux-text-tokens
7285124489373c2c752461166b1687e998b78362	refs/tags/archive/local-manual-review-branches/codex/app-game-source-gated-policy-preview-timer-service-readiness-read-model
7285124489373c2c752461166b1687e998b78362	refs/tags/archive/manual-review-branches/codex/app-game-source-gated-policy-preview-timer-service-readiness-read-model
728ea92f4b4fc1ba7f2fc3193bf334fd006ec074	refs/tags/archive/local-manual-review-branches/codex/tracking-hosted-ui-accessibility-proof
728ea92f4b4fc1ba7f2fc3193bf334fd006ec074	refs/tags/archive/manual-review-branches/codex/tracking-hosted-ui-accessibility-proof
72bb83843c97f1d70a987ac4d300dfc3d745f062	refs/tags/archive/local-manual-review-branches/codex/app-game-source-gated-policy-preview-timer-audit-rollback-parent-surface-intent
72bb83843c97f1d70a987ac4d300dfc3d745f062	refs/tags/archive/manual-review-branches/codex/app-game-source-gated-policy-preview-timer-audit-rollback-parent-surface-intent
72c2476a9358d872a241c3f051529694754cdb46	refs/pull/187/head
72c2476a9358d872a241c3f051529694754cdb46	refs/tags/archive/codex-branches/codex/child-android-storage-protocol-capability-proof
72c2476a9358d872a241c3f051529694754cdb46	refs/tags/archive/local-codex-branches/codex/child-android-storage-protocol-capability-proof
730ca2434d0cdf72c170359a0a28de5474fae0d4	refs/pull/192/head
730ca2434d0cdf72c170359a0a28de5474fae0d4	refs/tags/archive/codex-branches/codex/activity-mia-final-pass-service-adapter-consumption
730ca2434d0cdf72c170359a0a28de5474fae0d4	refs/tags/archive/local-codex-branches/codex/activity-mia-final-pass-service-adapter-consumption
7346725839ba918ceade8d25de8f32526bf45fd6	refs/pull/618/head
7406bcbe7609ae78c0c5704b3f0beab71996ac50	refs/tags/archive/local-manual-review-branches/codex/screen-ai-retention-custody-proof
7406bcbe7609ae78c0c5704b3f0beab71996ac50	refs/tags/archive/manual-review-branches/codex/screen-ai-retention-custody-proof
74142c6705da4ee73d86e21121f0e06170e6dfc9	refs/pull/458/head
74142c6705da4ee73d86e21121f0e06170e6dfc9	refs/tags/archive/codex-branches/codex/tracking-hosted-citation-detail-proof
74142c6705da4ee73d86e21121f0e06170e6dfc9	refs/tags/archive/local-codex-branches/codex/tracking-hosted-citation-detail-proof
741e8d2a687af5af873091d047283fbb64c256fa	refs/pull/60/head
7479b7e404d299db765bf69f24502baa256e961c	refs/pull/447/head
74d8482008f4302a001b4d3d1b972e438eea5736	refs/pull/277/head
74d8482008f4302a001b4d3d1b972e438eea5736	refs/tags/archive/codex-branches/codex/tracking-local-place-store-proof
74d8482008f4302a001b4d3d1b972e438eea5736	refs/tags/archive/local-codex-branches/codex/tracking-local-place-store-proof
74f52dad68b8452440a7f4b99d5aeae98b554130	refs/pull/161/head
74f52dad68b8452440a7f4b99d5aeae98b554130	refs/tags/archive/codex-branches/codex/v0-8-windows-adapter-artifact-ingestion-proof
74f52dad68b8452440a7f4b99d5aeae98b554130	refs/tags/archive/local-codex-branches/codex/v0-8-windows-adapter-artifact-ingestion-proof
759f15d63def28d32aec19cdf52120ea62d30d2f	refs/pull/677/head
75f2acf1bd1aa4642d23da8dd0c299e6ae3ced24	refs/tags/archive/local-manual-review-branches/codex/local-ai-prompt-template-version-proof
75f2acf1bd1aa4642d23da8dd0c299e6ae3ced24	refs/tags/archive/manual-review-branches/codex/local-ai-prompt-template-version-proof
75f2b79dbb260ad64f594104a4b98c52c581acd9	refs/pull/704/head
760c6212fb74b59bcbef194a389cb9f4e198e6bc	refs/pull/359/head
76fa834da38dc8463479ee1d8ef4b389ab938d5b	refs/pull/487/head
76fa834da38dc8463479ee1d8ef4b389ab938d5b	refs/tags/archive/codex-branches/codex/e-b-app-install-platform-adapter-evidence-gap-proof
76fa834da38dc8463479ee1d8ef4b389ab938d5b	refs/tags/archive/local-codex-branches/codex/e-b-app-install-platform-adapter-evidence-gap-proof
76fc6e5d30f2551cf38c6d73b9e3331cbaebe48e	refs/tags/archive/local-manual-review-branches/codex/app-game-source-gated-policy-preview-timer-service-readiness-response-consumer-parent-surface-status-read-model-parent-surface-read-model-service-read-model-handoff
76fc6e5d30f2551cf38c6d73b9e3331cbaebe48e	refs/tags/archive/manual-review-branches/codex/app-game-source-gated-policy-preview-timer-service-readiness-response-consumer-parent-surface-status-read-model-parent-surface-read-model-service-read-model-handoff
770013908bffa11bf2c8259667509d03228ce396	refs/pull/167/head
770013908bffa11bf2c8259667509d03228ce396	refs/tags/archive/codex-branches/codex/activity-adapter-foundation
770013908bffa11bf2c8259667509d03228ce396	refs/tags/archive/local-codex-branches/codex/activity-adapter-foundation
770429f0a6aa276c86ab62602bde28c16ebf2791	refs/tags/archive/local-codex-branches/codex/e-c-support-backend-upload-execution-proof
770dc296ac5c8f0deb19324f5e07e0e602282a24	refs/pull/398/head
786528a5bcaa6e61f71de4249eb5dc8f52912e34	refs/tags/archive/local-manual-review-branches/codex/app-game-source-gated-policy-preview-timer-service-readiness-protocol-handoff
789526edfb16c20d44f20b76339e4aaa566d173e	refs/heads/codex/storage-custody-compile-repair-aug23
78f01911f186f6d7ddc7a82fdf5b13051ebe336f	refs/heads/codex/data-custody-source-wave
790e12fe73b4ec58d021acd7f6ecaa53e814fdd8	refs/tags/archive/local-manual-review-branches/codex/app-game-timer-service-event-handoff-wp104
790e12fe73b4ec58d021acd7f6ecaa53e814fdd8	refs/tags/archive/manual-review-branches/codex/app-game-timer-service-event-handoff-wp104
792eaab70a7d8e20941c991f7c579728e84204ed	refs/pull/12/head
79781f2eb895fb9993b8905ee7017fa126674990	refs/pull/408/head
799ce241fb700f5ea851334080f77a53fdfe86b2	refs/pull/89/head
799ce241fb700f5ea851334080f77a53fdfe86b2	refs/tags/archive/local-only-branches/codex/v0.7-checkpoint-proof-records-after-pr87
79b2c3bd7809582471a41d1f1ca48210935ac5f7	refs/heads/codex/account-wp05-cas-routing
79f838e6874e7145b47c2e004854ac687b4c8d90	refs/pull/130/head
79f838e6874e7145b47c2e004854ac687b4c8d90	refs/tags/archive/codex-branches/codex/browser-control-policy-compiler-persistence
79f838e6874e7145b47c2e004854ac687b4c8d90	refs/tags/archive/local-codex-branches/codex/browser-control-policy-compiler-persistence
7aab94eda1b08be145c2ce29d2cf569ca140d69d	refs/pull/158/head
7aab94eda1b08be145c2ce29d2cf569ca140d69d	refs/tags/archive/codex-branches/codex/v0-8-host-identity-read-model-proof
7aab94eda1b08be145c2ce29d2cf569ca140d69d	refs/tags/archive/local-codex-branches/codex/v0-8-host-identity-read-model-proof
7ae324b14e1f7612bf186c854d12281f496830c9	refs/tags/archive/local-manual-review-branches/codex/app-game-timer-service-response-consumer-parent-surface-read-model-handoff-wp109
7ae324b14e1f7612bf186c854d12281f496830c9	refs/tags/archive/manual-review-branches/codex/app-game-timer-service-response-consumer-parent-surface-read-model-handoff-wp109
7b1247c26eb2533e778779cb3edfd0df7ec0389a	refs/pull/502/head
7b3d88cf3ee015b770fc0c3fc308ef5cde3987f3	refs/pull/500/head
7b3d88cf3ee015b770fc0c3fc308ef5cde3987f3	refs/tags/archive/codex-branches/codex/e-c-production-support-status-backend-runtime-execution-proof
7b3d88cf3ee015b770fc0c3fc308ef5cde3987f3	refs/tags/archive/local-codex-branches/codex/e-c-production-support-status-backend-runtime-execution-proof
7b79591d83ede2f9d6b033005f18d2c9716b27c3	refs/pull/7/head
7ba1096df9775ac39e141603313ad284ed4330aa	refs/pull/597/head
7bcd279a2b6cb96073becd528fb3f62ec743a848	refs/pull/534/head
7bcd279a2b6cb96073becd528fb3f62ec743a848	refs/tags/archive/codex-branches/codex/e-c-production-support-status-backend-execution-continuation
7bcd279a2b6cb96073becd528fb3f62ec743a848	refs/tags/archive/local-codex-branches/codex/e-c-production-support-status-backend-execution-continuation
7c232efbfb1c4c4c5f227332e3a66734432276fe	refs/heads/codex/data-wp08-runtime-source
7c609ac699e7c3b3832ad4841a526fc73c0e9c62	refs/pull/688/head
7d110b67661ad4c9b42fc7b3237aa698f51f41df	refs/tags/archive/local-only-branches/codex/v07-main-checkpoint-validation
7d527076f653c931bb056f18ec4aabcadbc6d74d	refs/pull/139/head
7d527076f653c931bb056f18ec4aabcadbc6d74d	refs/tags/archive/codex-branches/codex/screen-control-catalog-contracts
7d527076f653c931bb056f18ec4aabcadbc6d74d	refs/tags/archive/local-codex-branches/codex/screen-control-catalog-contracts
7d58c314bbc7b3b148470d7052c8b41f3ea2be98	refs/pull/152/head
7d58c314bbc7b3b148470d7052c8b41f3ea2be98	refs/tags/archive/codex-branches/codex/v0-8-host-adapter-proof-preflight
7d58c314bbc7b3b148470d7052c8b41f3ea2be98	refs/tags/archive/local-codex-branches/codex/v0-8-host-adapter-proof-preflight
7d670dfd853979366273044890c16f300c6b0134	refs/heads/codex/residual-disposition-ledger-aug23
7d945d584c453d443158fa3b39b3a6a38161d53b	refs/pull/378/head
7e4d1bb0383cfc351c8a0405b81fbac2a71bccd1	refs/tags/archive/local-codex-branches/codex/screen-winrt-ocr-worker-proof
7e600443c73a9d5c856e6e122b07348d96b99828	refs/pull/650/head
7e75b93378705a474dacb06d79dd07c119deffaa	refs/heads/codex/account-wp09-issuer-routing-aug24
7ea52dbb6a48306c4e4f27a16318838c24a6b792	refs/pull/413/head
7eabc9ff510fad890d88abb73cd7e3b4e413ed22	refs/heads/codex/cloudflare-wp02-source-repair-aug24
7f089d9752145ebe51e9f6b8f8f926ad3216da5a	refs/pull/73/head
7f089d9752145ebe51e9f6b8f8f926ad3216da5a	refs/tags/archive/codex-branches/codex/v0.8-enforcement-adapter-spine
7f089d9752145ebe51e9f6b8f8f926ad3216da5a	refs/tags/archive/local-codex-branches/codex/v0.8-enforcement-adapter-spine
7f2125f1052acc2991fa7bc7da75085ebe6a6acd	refs/pull/693/head
7f93685adc852e61060d19aa43d3c2da84288ffa	refs/tags/archive/local-manual-review-branches/codex/screen-summary-ai-context-proof
7fb4139a8bf91c87f1bd66ef6c79ce9af84eb88d	refs/pull/236/head
8071bc6d5fcc95c1dd8322736e89b41fab967464	refs/pull/211/head
8071bc6d5fcc95c1dd8322736e89b41fab967464	refs/tags/archive/codex-branches/codex/v0-8-enforcement-browser-adapter-proof
8071bc6d5fcc95c1dd8322736e89b41fab967464	refs/tags/archive/local-codex-branches/codex/v0-8-enforcement-browser-adapter-proof
8086c3c4f72625a9ec9824496d9451c8dfba9228	refs/pull/569/head
8108e332cd0439c8419c2aa929cebc29be8e4e65	refs/pull/266/head
814363c2df2d43c90e3f5939db8ec7284255ca91	refs/pull/48/head
81dba2aacc4a4cec9bc956c049fa3455bfb65de5	refs/heads/codex/source-map-refresh-aug18
81e9dab6a210f794c8e1ec54b85adecebb114485	refs/pull/216/head
81f1576c588bf62bdf334408ddc62b810c827234	refs/pull/316/head
8236c1469f4b46d60f4ec1ac344fff9c5d14a4b0	refs/pull/85/head
8236c1469f4b46d60f4ec1ac344fff9c5d14a4b0	refs/tags/archive/codex-branches/codex/v0.8-enforcement-unavailable-adapter-proof
8236c1469f4b46d60f4ec1ac344fff9c5d14a4b0	refs/tags/archive/local-codex-branches/codex/v0.8-enforcement-unavailable-adapter-proof
8282b077cd403a2f66ac957bf12b760e53046da7	refs/tags/archive/local-only-branches/codex/head
82d6290f04ce436356d476cabad837e5554989ca	refs/pull/477/head
82d6290f04ce436356d476cabad837e5554989ca	refs/tags/archive/codex-branches/codex/e-b-app-install-product-claim-store-upgrade-readiness-proof
82d6290f04ce436356d476cabad837e5554989ca	refs/tags/archive/local-codex-branches/codex/e-b-app-install-product-claim-store-upgrade-readiness-proof
82df91d44e978805a4fbfb757e9e89781644bfb5	refs/pull/77/head
82df91d44e978805a4fbfb757e9e89781644bfb5	refs/tags/archive/codex-branches/codex/v0.9-lan-discovery-challenge-spine
82df91d44e978805a4fbfb757e9e89781644bfb5	refs/tags/archive/local-codex-branches/codex/v0.9-lan-discovery-challenge-spine
83877b6808769e49928b473aaa1680ac830fe106	refs/pull/621/head
839624e1f87ae3ebc8cbe391fa32fd54b9fa3fbe	refs/pull/63/head
83a0bb86f9c868aa0ba808dbb66aff88c7532bb7	refs/heads/codex/dependency-review-account-data-topology-aug23
83af87342a701ad972f492ef7233fa9ac6add663	refs/pull/685/head
83b0b0301920e4ecc3046c6aefd4c4da1811d600	refs/tags/archive/local-manual-review-branches/codex/network-proof-pack-reconciliation
83b0b0301920e4ecc3046c6aefd4c4da1811d600	refs/tags/archive/manual-review-branches/codex/network-proof-pack-reconciliation
83c34edcdaecfd588bc09ea7a415bbaf87477c5e	refs/pull/658/head
83de5ec3fabb33665a6febbf0ec955ba1f1311ae	refs/pull/255/head
83de5ec3fabb33665a6febbf0ec955ba1f1311ae	refs/tags/archive/codex-branches/codex/app-install-platform-source-metadata-proof
83de5ec3fabb33665a6febbf0ec955ba1f1311ae	refs/tags/archive/local-codex-branches/codex/app-install-platform-source-metadata-proof
84096e6341418d48ca0c90794306afbabcae1494	refs/tags/archive/local-manual-review-branches/codex/network-security-proof-artifacts
84096e6341418d48ca0c90794306afbabcae1494	refs/tags/archive/manual-review-branches/codex/network-security-proof-artifacts
840d1c21ccf95e21283a4d0161ee12dc802a6a9d	refs/tags/archive/local-only-branches/codex/app-game-source-gated-policy-preview-timer-handoff-proof-log-clean
84126e4fa9370177f99fc1f9fd5fb93108b3cafb	refs/pull/535/head
8436d631199ae9b229db3c88e4c05f47b19de42d	refs/pull/25/head
8449cf661422b2ea068a9ec2c518e0c8521f7c15	refs/pull/69/head
8449cf661422b2ea068a9ec2c518e0c8521f7c15	refs/tags/archive/codex-branches/codex/v0-8-enforcement-spine
8449cf661422b2ea068a9ec2c518e0c8521f7c15	refs/tags/archive/local-codex-branches/codex/v0-8-enforcement-spine
845310e498c4c46eecfb866739898e0339c292c9	refs/pull/215/head
84781dece785dbd2ab23a833ec2b882015ef68bf	refs/pull/110/head
84781dece785dbd2ab23a833ec2b882015ef68bf	refs/tags/archive/codex-branches/codex/activity-parent-assistant-runtime
84781dece785dbd2ab23a833ec2b882015ef68bf	refs/tags/archive/local-codex-branches/codex/activity-parent-assistant-runtime
84b554fefc7bd1ee9c15b0be68ab4c3a258dd273	refs/pull/47/head
84b554fefc7bd1ee9c15b0be68ab4c3a258dd273	refs/tags/archive/codex-branches/codex/local-ai-derived-knowledge-store
84b554fefc7bd1ee9c15b0be68ab4c3a258dd273	refs/tags/archive/local-codex-branches/codex/local-ai-derived-knowledge-store
84e47a53e6178efc59c17a5104344842542d229d	refs/pull/533/head
84e47a53e6178efc59c17a5104344842542d229d	refs/tags/archive/codex-branches/codex/e-c-production-support-status-backend-durable-queue-runtime
84e47a53e6178efc59c17a5104344842542d229d	refs/tags/archive/local-codex-branches/codex/e-c-production-support-status-backend-durable-queue-runtime
852dca193f11dd3fede746bb85469c7cb7777353	refs/pull/162/head
852dca193f11dd3fede746bb85469c7cb7777353	refs/tags/archive/codex-branches/codex/activity-surface-main-backed-adapter
852dca193f11dd3fede746bb85469c7cb7777353	refs/tags/archive/local-codex-branches/codex/activity-surface-main-backed-adapter
8530969b906c14cf44ab4489dc016f9428182366	refs/heads/codex/dependency-review-policy-aug23
85c21dc5644183bfaaf095085b74c223717243cb	refs/tags/archive/local-manual-review-branches/codex/tracking-platform-manual-state-proof
85c21dc5644183bfaaf095085b74c223717243cb	refs/tags/archive/manual-review-branches/codex/tracking-platform-manual-state-proof
86481db2b14d2198222dd2dd49180b10e57e096e	refs/pull/242/head
86481db2b14d2198222dd2dd49180b10e57e096e	refs/tags/archive/codex-branches/codex/notification-rule-provider-retry-proof
86481db2b14d2198222dd2dd49180b10e57e096e	refs/tags/archive/local-codex-branches/codex/notification-rule-provider-retry-proof
86a15906649801700edb6cd2b7e9a022aae27b3c	refs/pull/249/head
86a15906649801700edb6cd2b7e9a022aae27b3c	refs/tags/archive/codex-branches/codex/parent-owned-sync-export-manifest-proof
86a15906649801700edb6cd2b7e9a022aae27b3c	refs/tags/archive/local-codex-branches/codex/parent-owned-sync-export-manifest-proof
86a393e39bfb4dff84c24e42e7e80e903eefe8c7	refs/pull/539/head
86a393e39bfb4dff84c24e42e7e80e903eefe8c7	refs/tags/archive/codex-branches/codex/e-c-production-support-public-support-contact-status
86a393e39bfb4dff84c24e42e7e80e903eefe8c7	refs/tags/archive/local-codex-branches/codex/e-c-production-support-public-support-contact-status
86bc9d1c596d3c2ed4711b54fa8cf36145bddd65	refs/pull/278/head
86bc9d1c596d3c2ed4711b54fa8cf36145bddd65	refs/tags/archive/codex-branches/codex/production-support-incident-workflow-proof
86bc9d1c596d3c2ed4711b54fa8cf36145bddd65	refs/tags/archive/local-codex-branches/codex/production-support-incident-workflow-proof
872471d63f699df505ebc16f7efe145d7ecf0c3c	refs/pull/707/head
873d727a3b73063a7273e010cf89af24f91fb3ba	refs/pull/81/head
873d727a3b73063a7273e010cf89af24f91fb3ba	refs/tags/archive/codex-branches/codex/current-main-proof-refresh-post-pr80
873d727a3b73063a7273e010cf89af24f91fb3ba	refs/tags/archive/local-codex-branches/codex/current-main-proof-refresh-post-pr80
87b1e5f788febdb124806f79b510e08cd7029193	refs/pull/258/head
87b1e5f788febdb124806f79b510e08cd7029193	refs/tags/archive/codex-branches/codex/screen-ai-pipeline-proof
87b1e5f788febdb124806f79b510e08cd7029193	refs/tags/archive/local-codex-branches/codex/screen-ai-pipeline-proof
87dbf0e04874907ae3cfb78d742f26bc202f7dd0	refs/tags/archive/local-codex-branches/codex/v0-8-cross-platform-enforcement-capability-proof
883fb07a5171fed7d5bf0020d17fa9c2f203aaa2	refs/pull/567/head
886c8743491d07528dc377cd8a25c1dcfa773b46	refs/tags/archive/local-only-branches/codex/parked-lan-intent-after-pr78
8876dcdd787feb49b5593783b8df2a31ade3bffd	refs/pull/385/head
892d3134fe84ab97259dbd45827e7283d58cef07	refs/pull/470/head
89b38c854813ff20f4fca653d4f63184a355a180	refs/tags/archive/local-manual-review-branches/codex/app-game-policy-readiness-source-guard
89b38c854813ff20f4fca653d4f63184a355a180	refs/tags/archive/manual-review-branches/codex/app-game-policy-readiness-source-guard
89eb2d34fd19445d2afc34106278ba1628268826	refs/heads/codex/account-authority-producer-transport
8a12029057fb1ee013396fe261745990ef9682be	refs/pull/11/head
8a35a242970d01953e6943a5102897683ddadb0b	refs/pull/698/head
8a3db28d47082abcd9ff16755e8568b1d04ab6c8	refs/heads/codex/lan-wp07-repair-round2-aug24
8a6edbdb6ba8e67f93d4cc18d5f5608fb666c6db	refs/pull/394/head
8a6edbdb6ba8e67f93d4cc18d5f5608fb666c6db	refs/tags/archive/codex-branches/codex/browser-social-ui-proof
8a6edbdb6ba8e67f93d4cc18d5f5608fb666c6db	refs/tags/archive/local-codex-branches/codex/browser-social-ui-proof
8a872e5addb8073ba97c3350670e00316a6f0805	refs/pull/94/head
8a872e5addb8073ba97c3350670e00316a6f0805	refs/tags/archive/codex-branches/codex/v0.9-lan-discovery-privacy-proof
8a872e5addb8073ba97c3350670e00316a6f0805	refs/tags/archive/local-codex-branches/codex/v0.9-lan-discovery-privacy-proof
8a92cce1fba16bee41ad351db2a9e5dbe3f4e140	refs/heads/codex/data-custody-wp05-source
8ab4d527a39b2c45fbad24d0945f9180d4b51f84	refs/heads/codex/payment-wp06-failclosed-containment-aug24
8b18ad8a81e6cf86978ed45cf0c1be0f398f43fd	refs/pull/61/head
8bb2e240daf5c9d8c6b38b79c80413d0e07f778e	refs/pull/656/head
8be2168b548d099e090912ab0a4427c5ed32a727	refs/pull/272/head
8be2168b548d099e090912ab0a4427c5ed32a727	refs/tags/archive/codex-branches/codex/social-video-source-privacy-proof
8bfd4f2e456d875934114da0bfde5c2eef6b753b	refs/pull/49/head
8bfd4f2e456d875934114da0bfde5c2eef6b753b	refs/tags/archive/codex-branches/codex/managed-browser-tab-evidence-readmodel
8bfd4f2e456d875934114da0bfde5c2eef6b753b	refs/tags/archive/local-codex-branches/codex/managed-browser-tab-evidence-readmodel
8c31bfc91a088663fc93d2e5f1fb7707cd3b7f72	refs/pull/144/head
8c31bfc91a088663fc93d2e5f1fb7707cd3b7f72	refs/tags/archive/codex-branches/codex/cross-platform-deliverables-proof-checkpoint
8c31bfc91a088663fc93d2e5f1fb7707cd3b7f72	refs/tags/archive/local-codex-branches/codex/cross-platform-deliverables-proof-checkpoint
8c395f5720e4f69e507213823d792d5ffc24f6fc	refs/pull/143/head
8c395f5720e4f69e507213823d792d5ffc24f6fc	refs/tags/archive/codex-branches/codex/v0-8-os-adapter-proof-hardening
8c395f5720e4f69e507213823d792d5ffc24f6fc	refs/tags/archive/local-codex-branches/codex/v0-8-os-adapter-proof-hardening
8c721343e25bed84ba127b2b2c59775c7382bf13	refs/pull/201/head
8c721343e25bed84ba127b2b2c59775c7382bf13	refs/tags/archive/codex-branches/codex/portal-service-backed-real-state-wiring
8c721343e25bed84ba127b2b2c59775c7382bf13	refs/tags/archive/local-codex-branches/codex/portal-service-backed-real-state-wiring
8c8fad79a50e914922fbc84984878211e127897e	refs/tags/archive/local-only-branches/codex/network-parser-fixture-proof-artifacts
8ceffedeb01a43c6dc4aef76444959d8e44ab55b	refs/pull/662/head
8d655fb51eea27c3368464cb5a7f72bf74a7b4d0	refs/tags/archive/local-manual-review-branches/codex/network-analyzer-proof-artifacts
8d655fb51eea27c3368464cb5a7f72bf74a7b4d0	refs/tags/archive/manual-review-branches/codex/network-analyzer-proof-artifacts
8da579cc70245a3c822045f8a8a74d929fb311a9	refs/heads/codex/data-custody-source-consolidation
8dcc2021437ce3b8526670cdd5f5e23a4f3e5f67	refs/pull/687/head
8dd94ab64955d5f31e23519ba19cbd4a57a98fb9	refs/pull/436/head
8e1de427b8802abe6f3055767ed949128c1a4764	refs/tags/archive/local-only-branches/codex/origin-main
8e2007156d70caa3fa646395c4e9d14bd9da3557	refs/pull/154/head
8e2007156d70caa3fa646395c4e9d14bd9da3557	refs/tags/archive/codex-branches/codex/v0-9-mobile-controller-discovery-runtime-proof
8e2007156d70caa3fa646395c4e9d14bd9da3557	refs/tags/archive/local-codex-branches/codex/v0-9-mobile-controller-discovery-runtime-proof
8e5635c64d840d6414331b195a1447e2af3fdeb0	refs/pull/148/head
8e5eabd15c63a5d932433219ced755408e4b9ec2	refs/pull/271/head
8e5eabd15c63a5d932433219ced755408e4b9ec2	refs/tags/archive/codex-branches/codex/notification-local-outbox-adapter-proof
8ea252dda2f5aaa65e0ba144dabbc911f727dc36	refs/pull/44/head
8eadf263b026b00ef15dacf8d9641b452c1debf5	refs/pull/680/head
8ec370a115554468e84cb766fe8273c0250b213e	refs/pull/435/head
8ee644ddfdc313443fea0e6e9f634b3a6c5d8fbb	refs/pull/332/head
8f0528052588ef587a44f968c1a043f9402e2bd0	refs/pull/643/head
8f507942970ec2d07b117bd0ceeebf4a3ef506ad	refs/heads/codex/cloudflare-wp06-runtime-source
8f733b6ac5494aede5decbe88cfc6282460cb703	refs/pull/329/head
8faac3cf4f2dabf290bee87e880f816513d43343	refs/pull/388/head
8fb261274c966134a27dd65937749f7b626a4dcf	refs/heads/codex/eventing-wp11-typed-delivery
8fda8c3546a3c3dbf965153eb4c4b2b7276d7e22	refs/tags/archive/local-manual-review-branches/codex/app-game-category-risk-taxonomy
8fda8c3546a3c3dbf965153eb4c4b2b7276d7e22	refs/tags/archive/manual-review-branches/codex/app-game-category-risk-taxonomy
8fddaa279fa4842e5cd22e1c14af0f3a4ff603a1	refs/pull/179/head
8fddaa279fa4842e5cd22e1c14af0f3a4ff603a1	refs/tags/archive/codex-branches/codex/v0-8-os-adapter-manual-artifact-gates
8fddaa279fa4842e5cd22e1c14af0f3a4ff603a1	refs/tags/archive/local-codex-branches/codex/v0-8-os-adapter-manual-artifact-gates
8ff0ce5440286c5a8c9b169e291f8f37056c21a2	refs/pull/632/head
906f5ad95a2f9abecc7c51ba6552a355a1a69ea2	refs/tags/archive/local-manual-review-branches/codex/network-portal-manual-runtime-state-proof
906f5ad95a2f9abecc7c51ba6552a355a1a69ea2	refs/tags/archive/manual-review-branches/codex/network-portal-manual-runtime-state-proof
90e26ddaf469dc950370d881223e0d6021df59fd	refs/pull/204/head
90e26ddaf469dc950370d881223e0d6021df59fd	refs/tags/archive/codex-branches/codex/browser-first-lan-discovery-add-device-state
90e26ddaf469dc950370d881223e0d6021df59fd	refs/tags/archive/local-codex-branches/codex/browser-first-lan-discovery-add-device-state
90ec1b6f0485d2d6aeb44eb9a78ecb40d123e2ec	refs/pull/357/head
90ec1b6f0485d2d6aeb44eb9a78ecb40d123e2ec	refs/tags/archive/codex-branches/codex/screen-service-winrt-ocr-runtime-proof
90ec1b6f0485d2d6aeb44eb9a78ecb40d123e2ec	refs/tags/archive/local-codex-branches/codex/screen-service-winrt-ocr-runtime-proof
914d06b6aa8fbc337fb12b410a89916c65f659ab	refs/heads/codex/device-trust-wp01-source-wave
9259d4d1ed07bc3c3c25a23b57da9a6489acbe8a	refs/tags/archive/local-manual-review-branches/codex/local-ai-activity-memory-graph
9259d4d1ed07bc3c3c25a23b57da9a6489acbe8a	refs/tags/archive/manual-review-branches/codex/local-ai-activity-memory-graph
92a2849cc6be516b9b6b1991462306d0bfe22343	refs/pull/291/head
92db11daa7b3d3523fe63ff5ee0373350991cd91	refs/pull/641/head
92eb0a7fb87f8ac420c8c1a2a8d0c5b6319a060f	refs/tags/archive/local-manual-review-branches/codex/tracking-read-model-portal-proof
92eb0a7fb87f8ac420c8c1a2a8d0c5b6319a060f	refs/tags/archive/manual-review-branches/codex/tracking-read-model-portal-proof
931c051cf77958378bbb0f3c1794daf14a938691	refs/heads/codex/dependency-review-policy-topology-aug24
933ce9d1544139becd8df5cda9e7ac18d91ade0e	refs/pull/197/head
933ce9d1544139becd8df5cda9e7ac18d91ade0e	refs/tags/archive/codex-branches/codex/activity-reports-family-fanout-mia-evidence-final-pass
933ce9d1544139becd8df5cda9e7ac18d91ade0e	refs/tags/archive/local-codex-branches/codex/activity-reports-family-fanout-mia-evidence-final-pass
93447ac816cd644a1ae7a9c3e17e393f01dc6541	refs/pull/194/head
93447ac816cd644a1ae7a9c3e17e393f01dc6541	refs/tags/archive/codex-branches/codex/child-ios-entitlement-capability-proof
93447ac816cd644a1ae7a9c3e17e393f01dc6541	refs/tags/archive/local-codex-branches/codex/child-ios-entitlement-capability-proof
937009bc1377c2681c6ef95fc03137ac590cb35c	refs/heads/codex/account-wp05-source
937e0a56430345eeed5b89d92a3f14abaf444db8	refs/heads/codex/dependency-review-remote-aug23
93bda915a2242347ccc86459edf16408bf626db8	refs/pull/115/head
93bda915a2242347ccc86459edf16408bf626db8	refs/tags/archive/codex-branches/codex/v08-production-enforcement-hardening
93bda915a2242347ccc86459edf16408bf626db8	refs/tags/archive/local-codex-branches/codex/v08-production-enforcement-hardening
93da925f5cc7c816983b46ef5b5077c2bfdb0756	refs/tags/archive/local-manual-review-branches/codex/app-game-timer-service-response-consumer-parent-surface-status-read-model-handoff-wp111
93da925f5cc7c816983b46ef5b5077c2bfdb0756	refs/tags/archive/manual-review-branches/codex/app-game-timer-service-response-consumer-parent-surface-status-read-model-handoff-wp111
93f1a9d0fa8d211fc7071c4c55941d954d90b966	refs/heads/codex/dependency-review-browser-aug23
93f875134d19133123b5c2da8000841d728f54de	refs/heads/codex/browser-wp06-repair-round3-aug24
9428f0ce9427b779a18888342684785894ec43b6	refs/pull/521/head
942934043ee515b570c1dda72e51506faf2539ac	refs/pull/206/head
942934043ee515b570c1dda72e51506faf2539ac	refs/tags/archive/codex-branches/codex/activity-mia-real-context-fanout
942934043ee515b570c1dda72e51506faf2539ac	refs/tags/archive/local-codex-branches/codex/activity-mia-real-context-fanout
9442dca9c79d073fd8b72be4bcebe4b14a73e0f0	refs/pull/509/head
94e78f3070ef0edc23f06b44ba463bc2a6092b89	refs/tags/archive/local-manual-review-branches/codex/app-game-windows-process-runtime
94e78f3070ef0edc23f06b44ba463bc2a6092b89	refs/tags/archive/manual-review-branches/codex/app-game-windows-process-runtime
952578431b47b8e241e668eeb2b7e56a4feb5881	refs/pull/684/head
9547128205158f07c4b6f1d697fce753bb197912	refs/pull/392/head
95771ab8f8431ce446b843ec624ad51abfccd57f	refs/pull/276/head
95771ab8f8431ce446b843ec624ad51abfccd57f	refs/tags/archive/codex-branches/codex/social-video-ai-signal-aggregate-proof
957fad481d4d22bd0e62ca01bd2e18d8996a56d1	refs/tags/archive/local-manual-review-branches/codex/tracking-consumer-citation-lineage-proof
957fad481d4d22bd0e62ca01bd2e18d8996a56d1	refs/tags/archive/manual-review-branches/codex/tracking-consumer-citation-lineage-proof
95acc6c7f61eebc20f0b0001e31102550e44a07e	refs/pull/406/head
95fa3fa1a9ba78d7f5f7ca5048f78458fba1736e	refs/pull/273/head
95fa3fa1a9ba78d7f5f7ca5048f78458fba1736e	refs/tags/archive/codex-branches/codex/browser-plan-full-scope-continuation
95fa3fa1a9ba78d7f5f7ca5048f78458fba1736e	refs/tags/archive/local-codex-branches/codex/browser-plan-full-scope-continuation
96ee67d18d428d5cbd19c57d5271f614d6a3d2e0	refs/tags/archive/local-manual-review-branches/codex/network-performance-proof-artifacts
96ee67d18d428d5cbd19c57d5271f614d6a3d2e0	refs/tags/archive/manual-review-branches/codex/network-performance-proof-artifacts
9728bc6029809b9f3a8d987c6fa423f1ec91aa9b	refs/heads/codex/device-trust-runtime-routing
9732971c874fdd724cb50118ce76819e3bbdcde2	refs/pull/295/head
9732971c874fdd724cb50118ce76819e3bbdcde2	refs/tags/archive/codex-branches/codex/app-game-notification-intent-contract
97c6464e7054e7d5eed22402e5eae594cf9c6c40	refs/heads/codex/device-trust-wp02-source-wave
992e7f92b23b3351209745e201a250601c1936d0	refs/pull/105/head
992e7f92b23b3351209745e201a250601c1936d0	refs/tags/archive/codex-branches/codex/v0.8-enforcement-timer-recovery-mvp
992e7f92b23b3351209745e201a250601c1936d0	refs/tags/archive/local-codex-branches/codex/v0.8-enforcement-timer-recovery-mvp
9964b6ff6bcfa535889a61a34aea1eafadd3bc64	refs/heads/codex/dependency-review-screen-ai-aug23
9996498220551169d55cabb89b88466ea639230a	refs/tags/archive/local-manual-review-branches/codex/network-manual-followup-owner-ledger-proof-restacked
9996498220551169d55cabb89b88466ea639230a	refs/tags/archive/manual-review-branches/codex/network-manual-followup-owner-ledger-proof-restacked
999951cd56795a3d66d4411125f81c8deb995158	refs/tags/archive/local-manual-review-branches/codex/tracking-temporary-live-readiness-proof
999951cd56795a3d66d4411125f81c8deb995158	refs/tags/archive/manual-review-branches/codex/tracking-temporary-live-readiness-proof
99bb33d11d411b317b56c35522c3feaf89df383a	refs/pull/601/head
9a2631947c3d26477724fb065ed521119c024184	refs/tags/archive/local-manual-review-branches/codex/e-c-public-status-runtime-readiness
9a2631947c3d26477724fb065ed521119c024184	refs/tags/archive/manual-review-branches/codex/e-c-public-status-runtime-readiness
9a312e5268bcd20790e285e3bf62a7d206c74ef3	refs/heads/codex/browser-wp06-custody-repair-aug24
9a3b00ff252216494af7baae78414ade6b1c0047	refs/pull/430/head
9a4fbbd31af04d4b3a5867d678d78bf244061461	refs/heads/codex/dependency-review-child-topology-aug23
9aa52f156b9629843b63da46f5d2e852a7dc7f5d	refs/tags/archive/local-manual-review-branches/codex/app-game-source-gated-policy-preview-timer-service-readiness-response-consumer-parent-surface-read-model-handoff
9aa52f156b9629843b63da46f5d2e852a7dc7f5d	refs/tags/archive/manual-review-branches/codex/app-game-source-gated-policy-preview-timer-service-readiness-response-consumer-parent-surface-read-model-handoff
9ab0022a8f2d363b3551c74591ae17b9e25c9c77	refs/pull/493/head
9b2a08e0d21cbf66ae3f6276bf8c7adb56b8268c	refs/tags/archive/local-only-branches/codex/e-c-public-support-contact-status-export
9b68e3669e4deaa4a019eb4285ee99a6b4093e04	refs/heads/codex/data-wp06-map-aug18
9bb53224c5130ca52b9b2c698312d882b7959d42	refs/heads/codex/browser-wp07-wp09-map
9bc7574a6554f0ca808e7766e45bc268c5a9cb84	refs/heads/codex/ai-wp03-contract-repair5-aug25
9be45f853861f3a763cf714288e4df8d9cdb7727	refs/pull/637/head
9c457712b4212ef1c94d19eaf118d5444769b378	refs/pull/358/head
9c7893363c1c50042d8e4c894341e0cb201e6c47	refs/pull/473/head
9c8423a471f1b4e18ec233d0a6fba7c62f77bbb7	refs/tags/archive/local-manual-review-branches/codex/app-game-journal-sqlite-ingest
9c8423a471f1b4e18ec233d0a6fba7c62f77bbb7	refs/tags/archive/manual-review-branches/codex/app-game-journal-sqlite-ingest
9c9d53135314c016f681aed577754258a8311d01	refs/tags/archive/local-manual-review-branches/codex/app-game-source-gated-policy-preview-timer-service-readiness-protocol-read-model
9c9d53135314c016f681aed577754258a8311d01	refs/tags/archive/manual-review-branches/codex/app-game-source-gated-policy-preview-timer-service-readiness-protocol-read-model
9c9de3e42bec07a53a16d04ea4fd1032ddde8119	refs/pull/62/head
9c9de3e42bec07a53a16d04ea4fd1032ddde8119	refs/tags/archive/codex-branches/codex/parent-portal-product-shell
9c9de3e42bec07a53a16d04ea4fd1032ddde8119	refs/tags/archive/local-codex-branches/codex/parent-portal-product-shell
9d97e3c7feeb3dfd6839ffa92f24e4bae8657fb5	refs/heads/codex/dependency-review-parent-desktop-runtime-aug23
9d9828a543b1a4895901cfede5f2474d3f06fd3d	refs/pull/655/head
9daf1679503883ca1cf615d0b6d18cccc765ece4	refs/pull/22/head
9db90e92b54b6477436608241e52c600a38da927	refs/pull/300/head
9db90e92b54b6477436608241e52c600a38da927	refs/tags/archive/codex-branches/codex/tracking-live-service-citation-proof
9dc776fd543077a7fbf478ddb399d1f34c9e67dd	refs/pull/556/head
9de513a5091eb647dbe835504d546b5cd311b117	refs/heads/codex/app-game-android-source-aug24
9e17293c3f89fa41ad418047c6684d70da83424a	refs/pull/455/head
9e17293c3f89fa41ad418047c6684d70da83424a	refs/tags/archive/codex-branches/codex/local-ai-deterministic-classifier-lane-proof
9e17293c3f89fa41ad418047c6684d70da83424a	refs/tags/archive/local-codex-branches/codex/local-ai-deterministic-classifier-lane-proof
9e29dc6e67c454e5bb4d191954a6842615d28d2a	refs/pull/111/head
9e29dc6e67c454e5bb4d191954a6842615d28d2a	refs/tags/archive/codex-branches/codex/platform-roles-lan-ai-provider-pool
9e29dc6e67c454e5bb4d191954a6842615d28d2a	refs/tags/archive/local-codex-branches/codex/platform-roles-lan-ai-provider-pool
9e4d363d893ef152ce9abdf87c4db422d3b5a7a6	refs/pull/96/head
9e4d363d893ef152ce9abdf87c4db422d3b5a7a6	refs/tags/archive/local-only-branches/codex/precommit-fast-local-gate
9e8091610ce2d3b37e3aad3214df98542718bd5c	refs/pull/320/head
9e83c4d86eb44204fc7cacfeea5630f5c0342c66	refs/heads/codex/account-wp05-cas-source
9e90b95f5d8cee78e1376b6096faf8661b865a5a	refs/pull/129/head
9e90b95f5d8cee78e1376b6096faf8661b865a5a	refs/tags/archive/codex-branches/codex/windows-browser-enforcement-capability
9e90b95f5d8cee78e1376b6096faf8661b865a5a	refs/tags/archive/local-codex-branches/codex/windows-browser-enforcement-capability
9e97e2d028dfdcb26e433d1872bdcd456ee7ff43	refs/pull/317/head
9ea6fbadef063b498eeded2ad40a9ea603ca500d	refs/pull/623/head
9f17c48020ffb92c60f3be376c07a4d0db783f6f	refs/tags/archive/local-manual-review-branches/codex/app-game-source-gated-policy-preview-timer-audit-rollback-read-model
9f17c48020ffb92c60f3be376c07a4d0db783f6f	refs/tags/archive/manual-review-branches/codex/app-game-source-gated-policy-preview-timer-audit-rollback-read-model
9f37ed66e5b15f449c28cd2e8232040e0c5179b7	refs/pull/428/head
9f8d2f4eb8d7ef6b92ef87ceadf9558206c5ff8f	refs/pull/207/head
9f8d2f4eb8d7ef6b92ef87ceadf9558206c5ff8f	refs/tags/archive/codex-branches/codex/portal-add-device-real-lan-flow
9f8d2f4eb8d7ef6b92ef87ceadf9558206c5ff8f	refs/tags/archive/local-codex-branches/codex/portal-add-device-real-lan-flow
9fbdf85d1e57358d94776f5073dc1026fe0875e0	refs/pull/163/head
9fbdf85d1e57358d94776f5073dc1026fe0875e0	refs/tags/archive/codex-branches/codex/api-ai-provider-authorization-proof
9fbdf85d1e57358d94776f5073dc1026fe0875e0	refs/tags/archive/local-codex-branches/codex/api-ai-provider-authorization-proof
9fd99a566e8ed38247735b83e40841e7d788994e	refs/heads/codex/false-topology-correction-aug24
a06e518a975bd1654ff3f16cb301bd4debf9e845	refs/pull/303/head
a13cfd9cb41c3b73c581693d55f9fb6e610ac786	refs/tags/archive/local-manual-review-branches/codex/screen-summary-parent-explanation-read-model-proof
a13cfd9cb41c3b73c581693d55f9fb6e610ac786	refs/tags/archive/manual-review-branches/codex/screen-summary-parent-explanation-read-model-proof
a19f7bb856b3681861213b74503bbf217b3cf285	refs/pull/241/head
a19f7bb856b3681861213b74503bbf217b3cf285	refs/tags/archive/codex-branches/codex/activity-service-adapter-foundation
a19f7bb856b3681861213b74503bbf217b3cf285	refs/tags/archive/local-codex-branches/codex/activity-service-adapter-foundation
a1d64cc9e8f03c7e6501a2e34be329ec759b454f	refs/pull/480/head
a1d64cc9e8f03c7e6501a2e34be329ec759b454f	refs/tags/archive/codex-branches/codex/network-portal-risk-performance-status-proof
a1d64cc9e8f03c7e6501a2e34be329ec759b454f	refs/tags/archive/local-codex-branches/codex/network-portal-risk-performance-status-proof
a1ec93b6bca7f8b0dd3b20338820e2aec9b2bac5	refs/pull/58/head
a2021e6abc6749f3820a07b701a7457cc872269e	refs/pull/318/head
a2152930f41bc1ea41b76e3a3cde2b969aeaecfe	refs/pull/223/head
a2152930f41bc1ea41b76e3a3cde2b969aeaecfe	refs/tags/archive/codex-branches/codex/mobile-child-agent-capability-proof
a2152930f41bc1ea41b76e3a3cde2b969aeaecfe	refs/tags/archive/local-codex-branches/codex/mobile-child-agent-capability-proof
a21614f0ccb5fdd97c507f7cba388d69777bd07a	refs/pull/190/head
a21614f0ccb5fdd97c507f7cba388d69777bd07a	refs/tags/archive/codex-branches/codex/child-android-service-protocol-capability-proof
a21614f0ccb5fdd97c507f7cba388d69777bd07a	refs/tags/archive/local-codex-branches/codex/child-android-service-protocol-capability-proof
a3113dcfbb9bde75885e267428289943d79566a1	refs/pull/645/head
a32c0d9bcb078679321bb15357b7657dd9690301	refs/tags/archive/local-only-branches/codex/backup-wp84-stacked-before-clean-split
a32f03247d52b067f275b0d8af0b70e65823097d	refs/pull/280/head
a32f03247d52b067f275b0d8af0b70e65823097d	refs/tags/archive/codex-branches/codex/browser-inventory-default-root-service-proof
a32f03247d52b067f275b0d8af0b70e65823097d	refs/tags/archive/local-codex-branches/codex/browser-inventory-default-root-service-proof
a41807d7930c5e6f2bd77db4d06af9374329524f	refs/pull/699/head
a4e88bc806e639d8bf101df97ba715e83e568046	refs/pull/552/head
a4fdafc3b90b1c8ba88ebb0a6cc03f2dd5ea8306	refs/tags/archive/local-manual-review-branches/codex/screen-parent-explanation-portal-proof
a4fdafc3b90b1c8ba88ebb0a6cc03f2dd5ea8306	refs/tags/archive/manual-review-branches/codex/screen-parent-explanation-portal-proof
a5280a97aad3bf58d2d676ec87eb8dae4f03f195	refs/pull/474/head
a5598bc318955c7cdf9d78a96f34134fae1329db	refs/tags/archive/local-only-branches/codex/eventing-network-full-completion
a5598bc318955c7cdf9d78a96f34134fae1329db	refs/tags/archive/local-only-branches/codex/row03a-live-capture-storage-proof
a60d4f593a182e48fc6bc897c0d1417be54d3b05	refs/heads/codex/account-cloudflare-authority-routing
a611439483d5fc0cc5a21fec50745e7414fb76d0	refs/tags/archive/local-manual-review-branches/codex/v0.8-enforcement-audit-boundary-proof
a611439483d5fc0cc5a21fec50745e7414fb76d0	refs/tags/archive/manual-review-branches/codex/v0.8-enforcement-audit-boundary-proof
a6e767b4a838461dbbd2625a2e0d9ba6c5d17bea	refs/pull/572/head
a768273d41b39cdcc262f15de9829391fc281e0e	refs/pull/424/head
a788b22ab83a3606ef713a2b882cb4fbba8e753c	refs/pull/542/head
a7ad239853148bf7b9702f39aeaaa0ab05b34bce	refs/tags/archive/local-manual-review-branches/codex/e-b-app-install-runtime-report-delivery-proof
a7ad239853148bf7b9702f39aeaaa0ab05b34bce	refs/tags/archive/manual-review-branches/codex/e-b-app-install-runtime-report-delivery-proof
a7eed0748ac44defd8b5952598b4a2ac6fbea3d3	refs/pull/106/head
a7eed0748ac44defd8b5952598b4a2ac6fbea3d3	refs/tags/archive/codex-branches/codex/v0.9-lan-discovery-challenge-mvp
a7eed0748ac44defd8b5952598b4a2ac6fbea3d3	refs/tags/archive/local-codex-branches/codex/v0.9-lan-discovery-challenge-mvp
a8627caf85a6fcc5563e2708f45191980ebbbd60	refs/pull/476/head
a87fcd45c17655cad03734508a9364898c62501a	refs/pull/594/head
a925df56e1f37255b71468597a93dd52ec3de320	refs/tags/archive/local-only-branches/codex/network-row10h-remote-ack-ledger-on-row10g
a979ffe9539ca1e18fa2c05424908f9b4a250af8	refs/heads/codex/ai-wp03-contract-repair3-aug24
a97bf1993c76c6b54a47fa2b8225a054e0829a60	refs/pull/166/head
a97bf1993c76c6b54a47fa2b8225a054e0829a60	refs/tags/archive/codex-branches/codex/v0-8-os-adapter-product-proof
a97bf1993c76c6b54a47fa2b8225a054e0829a60	refs/tags/archive/local-codex-branches/codex/v0-8-os-adapter-product-proof
aa4482e42a0f9921974bd583042aafc56e094a53	refs/pull/345/head
aa4482e42a0f9921974bd583042aafc56e094a53	refs/tags/archive/codex-branches/codex/e-c-public-surface-publication-proof
aa4482e42a0f9921974bd583042aafc56e094a53	refs/tags/archive/local-codex-branches/codex/e-c-public-surface-publication-proof
aa4dad58f8cde19bf2191d44999b323832088474	refs/pull/232/head
aa4dad58f8cde19bf2191d44999b323832088474	refs/tags/archive/codex-branches/codex/v0-8-integrity-alert-status-bridge
aa4dad58f8cde19bf2191d44999b323832088474	refs/tags/archive/local-codex-branches/codex/v0-8-integrity-alert-status-bridge
aa5fca2e0ca17475997026b328815a0eae87ec0e	refs/pull/102/head
aa5fca2e0ca17475997026b328815a0eae87ec0e	refs/tags/archive/local-only-branches/codex/windows-package-lifecycle-proof-harness
aafeab1be7627c2f968dfb8dbf9292d65d4e35af	refs/pull/559/head
abb740809478e6e6f3a53c2d00ada03c526d60c8	refs/tags/archive/local-manual-review-branches/codex/network-vpn-proxy-tunnel-proof-artifacts
abb740809478e6e6f3a53c2d00ada03c526d60c8	refs/tags/archive/manual-review-branches/codex/network-vpn-proxy-tunnel-proof-artifacts
abb75a6214c5675efc51477a28cda1ef5a2663e2	refs/pull/164/head
abb75a6214c5675efc51477a28cda1ef5a2663e2	refs/tags/archive/codex-branches/codex/v0-9-production-discovery-proof
abb75a6214c5675efc51477a28cda1ef5a2663e2	refs/tags/archive/local-codex-branches/codex/v0-9-production-discovery-proof
abb8f7e70e945773e40f1a3131e59b6673e075f3	refs/pull/469/head
abcdb4f1a562cd18694720f088ca87c71f13008a	refs/heads/codex/cloudflare-wp06-runtime-source-aug19
ac03afee3a5bef61d273e37e935f34678890eefa	refs/heads/codex/account-wp02-wp05-source-wave
ac1a0f6784000a972e127c004b074b1851a14ed5	refs/pull/418/head
ac1e831e246556165c7052071f2e4879450407ca	refs/pull/482/head
ac3dfa40ce2a0ff5b7b3375929a3f1ca48b02969	refs/pull/117/head
ac3dfa40ce2a0ff5b7b3375929a3f1ca48b02969	refs/tags/archive/codex-branches/codex/platform-lan-enforcement-production-proof
ac3dfa40ce2a0ff5b7b3375929a3f1ca48b02969	refs/tags/archive/local-codex-branches/codex/platform-lan-enforcement-production-proof
ac7982dd758de5d1309bccda1aa8d44c0e0ffa17	refs/pull/246/head
ac7982dd758de5d1309bccda1aa8d44c0e0ffa17	refs/tags/archive/codex-branches/codex/notification-audit-history-contract-proof
ac7982dd758de5d1309bccda1aa8d44c0e0ffa17	refs/tags/archive/local-codex-branches/codex/notification-audit-history-contract-proof
ac9cbd89a8b5a1810c942f972ba63c3269bc40e7	refs/pull/495/head
ac9f65bb4a7f84abc52ff4034940a6140e2744bb	refs/heads/codex/archive/all-local-remote-tips-20260816
acdce647c04e5e42b18c3afe9dbf69358994f571	refs/heads/codex/device-wp01-compile-repair-aug23
ace4048d04d98c3134d13e53b14ae52f32c20dcf	refs/pull/45/head
ad2c9d813f23c4ca305624f3fd83a24e2235cc3d	refs/pull/526/head
adf1ea6b8d6c5725e34cf6e04edb726d577d239a	refs/pull/292/head
aec98568a0ab4f98b9933dce04656eab0e7cf684	refs/pull/689/head
af020de7506f8a4260475e079504be7f43967a23	refs/pull/79/head
af020de7506f8a4260475e079504be7f43967a23	refs/tags/archive/codex-branches/codex/v0.8-enforcement-timer-recovery-spine
af020de7506f8a4260475e079504be7f43967a23	refs/tags/archive/local-codex-branches/codex/v0.8-enforcement-timer-recovery-spine
af3577d58ccc733c5ca0375624e1abd061951f0f	refs/pull/14/head
af6d39da36f6f5d6d71a605c5a914fa274d7544b	refs/pull/525/head
af710d151635da75dc104871bfae419a53f2238a	refs/pull/486/head
af8e865e94f1ff06ab914785bed506445c2db098	refs/pull/463/head
af8e865e94f1ff06ab914785bed506445c2db098	refs/tags/archive/codex-branches/codex/screen-ai-final-path-service-read-model-gate
af8e865e94f1ff06ab914785bed506445c2db098	refs/tags/archive/local-codex-branches/codex/screen-ai-final-path-service-read-model-gate
b038ea66c6a8aa6b935539a24698bee36f0a0065	refs/pull/507/head
b0e77be0d0b64e355f7477284c30941ee019769c	refs/pull/674/head
b118e965874ba2ca80fca2b3903aa9e1076a7ba8	refs/pull/448/head
b13fa0b0c21566e65207f8aa0bd8a18a7da9fefc	refs/pull/452/head
b13fa0b0c21566e65207f8aa0bd8a18a7da9fefc	refs/tags/archive/codex-branches/codex/e-c-production-support-status-backend-public-runtime-followthrough
b13fa0b0c21566e65207f8aa0bd8a18a7da9fefc	refs/tags/archive/local-codex-branches/codex/e-c-production-support-status-backend-public-runtime-followthrough
b1bce40a24959cc10a30700d6c80dc6f2060bc2f	refs/pull/208/head
b1bce40a24959cc10a30700d6c80dc6f2060bc2f	refs/tags/archive/codex-branches/codex/lan-browser-discovery-pairing-runtime
b1bce40a24959cc10a30700d6c80dc6f2060bc2f	refs/tags/archive/local-codex-branches/codex/lan-browser-discovery-pairing-runtime
b25388a09e19a39813dc25153376e01fc906e99c	refs/pull/374/head
b25388a09e19a39813dc25153376e01fc906e99c	refs/tags/archive/codex-branches/codex/e-b-v7-app-install-parent-action-delivery-readiness-proof
b25388a09e19a39813dc25153376e01fc906e99c	refs/tags/archive/local-codex-branches/codex/e-b-v7-app-install-parent-action-delivery-readiness-proof
b2a6ea58acf487bbbdb4a6cff911e4a8fc3d5719	refs/heads/codex/device-trust-wp05-source-wave
b2a71939c37e485112411912a49c907c500c3d22	refs/tags/archive/local-manual-review-branches/codex/tracking-manual-state-ui-proof
b2a71939c37e485112411912a49c907c500c3d22	refs/tags/archive/manual-review-branches/codex/tracking-manual-state-ui-proof
b39df5c1687ca657042994a56e2fdc7c37ae26db	refs/pull/429/head
b3bd1f2e99c916cb40257cd91ca2788689ff89c8	refs/pull/464/head
b3bd1f2e99c916cb40257cd91ca2788689ff89c8	refs/tags/archive/codex-branches/codex/e-c-production-support-status-backend-queue-audit-persistence-proof
b3bd1f2e99c916cb40257cd91ca2788689ff89c8	refs/tags/archive/local-codex-branches/codex/e-c-production-support-status-backend-queue-audit-persistence-proof
b3c47fd3dfba78273a5afd83ff12e891dc43dc7e	refs/heads/codex/data-wp05-authority-handoff
b3d79bb8a292061f50a9197aa66d4a77a50a7c90	refs/heads/codex/logging-wp09-source-aug23
b41d9cc3a1d399d73fdb72e24f86f62b15629a66	refs/pull/53/head
b41d9cc3a1d399d73fdb72e24f86f62b15629a66	refs/tags/archive/codex-branches/codex/browser-intervention-substrate
b41d9cc3a1d399d73fdb72e24f86f62b15629a66	refs/tags/archive/local-codex-branches/codex/browser-intervention-substrate
b4241f9ea0b92309b40a5433194407dbd8070766	refs/pull/371/head
b484666ac171d675a175b1d7a5c6232b9a01f6a3	refs/pull/287/head
b484666ac171d675a175b1d7a5c6232b9a01f6a3	refs/tags/archive/codex-branches/codex/screen-ai-service-native-game-analysis-proof
b4a2262cabb490754e8b0f87d5a4ff8316811cad	refs/tags/archive/local-manual-review-branches/codex/screen-ai-service-cadence-runtime
b4a2262cabb490754e8b0f87d5a4ff8316811cad	refs/tags/archive/manual-review-branches/codex/screen-ai-service-cadence-runtime
b4aa94d21a988dbf45db65e39301f10d55c774e9	refs/pull/586/head
b4c3a921b193c58fb3c3f5ec2707415e3063de03	refs/heads/codex/screen-wp32-source
b4f0b8295a18b391b179b355cd18db64fd2142d9	refs/pull/404/head
b4f1f7578c67794bdc2bf67709c83f85753c4d7e	refs/pull/315/head
b4f1f7578c67794bdc2bf67709c83f85753c4d7e	refs/tags/archive/codex-branches/codex/screen-local-ai-resource-scheduler-proof
b4f1f7578c67794bdc2bf67709c83f85753c4d7e	refs/tags/archive/local-codex-branches/codex/screen-local-ai-resource-scheduler-proof
b6af8b2d7e8a2a04d633684f5149e83496baabc8	refs/pull/422/head
b6bac8a8dabcd797c090ef9c60b0ba5e2de18ef8	refs/tags/archive/local-manual-review-branches/codex/app-game-policy-readiness-live-surface
b6bac8a8dabcd797c090ef9c60b0ba5e2de18ef8	refs/tags/archive/manual-review-branches/codex/app-game-policy-readiness-live-surface
b6cf9f74119fc6c4fb7bdf00a99f1d6d2a5270ca	refs/tags/archive/local-manual-review-branches/codex/e-c-production-support-runtime-gap-proof
b6cf9f74119fc6c4fb7bdf00a99f1d6d2a5270ca	refs/tags/archive/manual-review-branches/codex/e-c-production-support-runtime-gap-proof
b75ce63e98b3fb122588b1344c16ae6699bc4b2d	refs/pull/306/head
b75ce63e98b3fb122588b1344c16ae6699bc4b2d	refs/tags/archive/codex-branches/codex/browser-youtube-live-metadata-proof
b75ce63e98b3fb122588b1344c16ae6699bc4b2d	refs/tags/archive/local-codex-branches/codex/browser-youtube-live-metadata-proof
b8077126198475c3581dc39406814d05a2bd03db	refs/pull/349/head
b80b786d5814124a092b212b90cbecae96b21804	refs/tags/archive/local-manual-review-branches/codex/app-game-timer-service-read-api-response-handoff-wp106
b80b786d5814124a092b212b90cbecae96b21804	refs/tags/archive/manual-review-branches/codex/app-game-timer-service-read-api-response-handoff-wp106
b87bc74260b9336e68c3c4288d34a06995437480	refs/pull/299/head
b87bc74260b9336e68c3c4288d34a06995437480	refs/tags/archive/codex-branches/codex/parent-assistant-action-runtime-boundary
b87bc74260b9336e68c3c4288d34a06995437480	refs/tags/archive/local-codex-branches/codex/parent-assistant-action-runtime-boundary
b8935b84a0e4d9ab6bc8beec5c8e0a0c138e9250	refs/tags/archive/local-manual-review-branches/codex/screen-vlm-execution-readiness-proof
b8935b84a0e4d9ab6bc8beec5c8e0a0c138e9250	refs/tags/archive/manual-review-branches/codex/screen-vlm-execution-readiness-proof
b897216cd1cab96b4ccaf9fef9f7726d835c28cb	refs/tags/archive/local-manual-review-branches/codex/linux-v07-runtime-package-proof-refresh
b897216cd1cab96b4ccaf9fef9f7726d835c28cb	refs/tags/archive/manual-review-branches/codex/linux-v07-runtime-package-proof-refresh
b8b1aedeb38efd8e797f320c084e6d2b9f911ea7	refs/pull/465/head
b8e97a8e85b0a1dca0e3f46b5c4c64d5b32739fd	refs/pull/142/head
b8e97a8e85b0a1dca0e3f46b5c4c64d5b32739fd	refs/tags/archive/codex-branches/codex/v0-9-production-lan-mobile-controller-proof
b8e97a8e85b0a1dca0e3f46b5c4c64d5b32739fd	refs/tags/archive/local-codex-branches/codex/v0-9-production-lan-mobile-controller-proof
b966c1f5f3cf60270e9e1c55ec4c17804ea3fa73	refs/pull/367/head
b974b6a8b63bab41b401d0df9540accc003eca0d	refs/pull/364/head
b97db8bcd660dec37a3ddadb3c5f48c68a8ed20e	refs/pull/265/head
b97db8bcd660dec37a3ddadb3c5f48c68a8ed20e	refs/tags/archive/codex-branches/codex/local-ai-parent-assistant-runtime-proof
b97db8bcd660dec37a3ddadb3c5f48c68a8ed20e	refs/tags/archive/local-codex-branches/codex/local-ai-parent-assistant-runtime-proof
b9a831cb51d57d715391dca3733287e65a67b4e1	refs/heads/codex/browser-wp06-source-repair-aug24
b9b80f111f009d4793960222dc2e1a147bf3a1dc	refs/tags/archive/local-manual-review-branches/codex/tracking-notification-parent-surface-proof
b9b80f111f009d4793960222dc2e1a147bf3a1dc	refs/tags/archive/manual-review-branches/codex/tracking-notification-parent-surface-proof
b9da1ae9b002e7870d1db099ad0db476d06ab7c7	refs/tags/archive/local-manual-review-branches/codex/app-game-timer-service-read-api-response-handoff-wp106-clean
b9da1ae9b002e7870d1db099ad0db476d06ab7c7	refs/tags/archive/manual-review-branches/codex/app-game-timer-service-read-api-response-handoff-wp106-clean
b9ec0ec0722631d7b9b04e037c1f3861a7748284	refs/pull/581/head
ba05f2e145a05440cbcdb4fb15daee426023a2bd	refs/tags/v0.1.1
ba0854f0a957df7f5d801059182ba85ac8148ab2	refs/heads/codex/eventing-wp08-parent-intent-ingress
ba222709f0704bb2c4f867dbfba50eaba59ab85a	refs/pull/237/head
ba222709f0704bb2c4f867dbfba50eaba59ab85a	refs/tags/archive/codex-branches/codex/portal-ux-assistant-chat-proof
ba222709f0704bb2c4f867dbfba50eaba59ab85a	refs/tags/archive/local-codex-branches/codex/portal-ux-assistant-chat-proof
baa64cf913dd89e3ae1ab542d64ff2cf0fe2291c	refs/pull/50/head
baa64cf913dd89e3ae1ab542d64ff2cf0fe2291c	refs/tags/archive/codex-branches/codex/local-ai-durable-memory-graph-index
baa64cf913dd89e3ae1ab542d64ff2cf0fe2291c	refs/tags/archive/local-codex-branches/codex/local-ai-durable-memory-graph-index
bac0ac3a6f731811b5f11f8cf1c1865c85b37346	refs/pull/335/head
bac0ac3a6f731811b5f11f8cf1c1865c85b37346	refs/tags/archive/codex-branches/codex/tracking-child-runtime-ui-proof
bac0ac3a6f731811b5f11f8cf1c1865c85b37346	refs/tags/archive/local-codex-branches/codex/tracking-child-runtime-ui-proof
baf18109ee4b57fe24f5c2b64519dd4166548e36	refs/pull/337/head
baf18109ee4b57fe24f5c2b64519dd4166548e36	refs/tags/archive/codex-branches/codex/e-b-v7-app-install-status-runtime-readiness-proof
baf18109ee4b57fe24f5c2b64519dd4166548e36	refs/tags/archive/local-codex-branches/codex/e-b-v7-app-install-status-runtime-readiness-proof
bb0a7d3824135998a993c5bed54b925e5dd04b6e	refs/tags/archive/local-codex-branches/codex/e-c-production-support-runtime-followup
bb441b931b3392006c1c3684bd72be5855c55825	refs/pull/456/head
bb441b931b3392006c1c3684bd72be5855c55825	refs/tags/archive/codex-branches/codex/e-c-production-support-status-backend-execution-queue-proof
bb441b931b3392006c1c3684bd72be5855c55825	refs/tags/archive/local-codex-branches/codex/e-c-production-support-status-backend-execution-queue-proof
bb7aa3072b66a76fb4218f39b1c00b3459a38a2d	refs/tags/archive/local-manual-review-branches/codex/tracking-family-dashboard-rendered-rollup-ui-proof
bb7aa3072b66a76fb4218f39b1c00b3459a38a2d	refs/tags/archive/manual-review-branches/codex/tracking-family-dashboard-rendered-rollup-ui-proof
bbe5472c1467ba457f78da8ee611e4abc378cea9	refs/heads/codex/protected-custody-repair-aug24
bbffb2dbb0c3baaa6a7ecf85f2d8074d03af40c9	refs/pull/66/head
bbffb2dbb0c3baaa6a7ecf85f2d8074d03af40c9	refs/tags/archive/codex-branches/codex/parent-desktop-ci-blocker-audit
bbffb2dbb0c3baaa6a7ecf85f2d8074d03af40c9	refs/tags/archive/local-codex-branches/codex/parent-desktop-ci-blocker-audit
bc06c0ac93f5d5a73446b757e54d0dd4c4073762	refs/pull/491/head
bc06c0ac93f5d5a73446b757e54d0dd4c4073762	refs/tags/archive/codex-branches/codex/e-b-app-install-windows-host-evidence-readiness-proof
bc06c0ac93f5d5a73446b757e54d0dd4c4073762	refs/tags/archive/local-codex-branches/codex/e-b-app-install-windows-host-evidence-readiness-proof
bc26c0e05dba61036b6039547d347af8e44320fa	refs/tags/archive/local-manual-review-branches/codex/app-game-windows-foreground-evidence
bc26c0e05dba61036b6039547d347af8e44320fa	refs/tags/archive/manual-review-branches/codex/app-game-windows-foreground-evidence
bcc4fc8a9dc1cdef3c8d4edd6bd2aba561f72c82	refs/pull/395/head
bce6b77e41977dca58a654e013f8c07e30b9497d	refs/pull/57/head
bcec6d156d62571a886660ecbdc7cc13360c479a	refs/heads/codex/eventing-consumer-truth-aug18
bcef8035bced0ee5c09a716c818216fdeb4eed37	refs/pull/682/head
bd2cf6321d0910ed6845227543cf3a2691a4fd24	refs/pull/182/head
bd2cf6321d0910ed6845227543cf3a2691a4fd24	refs/tags/archive/codex-branches/codex/v0.9-household-discovery-mobile-controller-product-proof
bd2cf6321d0910ed6845227543cf3a2691a4fd24	refs/tags/archive/local-codex-branches/codex/v0.9-household-discovery-mobile-controller-product-proof
bd908d1afcc03c2fe95cdf2a4795713e55b0c4c4	refs/tags/archive/local-manual-review-branches/codex/local-ai-stored-evidence-parser-policy-integration-proof
bd908d1afcc03c2fe95cdf2a4795713e55b0c4c4	refs/tags/archive/manual-review-branches/codex/local-ai-stored-evidence-parser-policy-integration-proof
bdde43edc9565d131e8af4c172fbc50ffbb611c1	refs/pull/517/head
bde6ec22db60c8bbdf88dd878c368770bfdad26a	refs/heads/codex/ai-wp03-contract-repair4-aug24
be156be01299f69f80b3e5a3c47bfd60f80fc47c	refs/heads/codex/account-wp05-composer-compile-repair
be8e5efca5a92fb54ba3639f0a22024223bcf41d	refs/tags/archive/local-manual-review-branches/codex/app-game-notification-parent-surface-intent-wp65
beaca42a16c376d425d404ec65f0a525ffbcd3ac	refs/pull/513/head
bf24aef81ce27923d4a867e8564e4b60958d40f5	refs/pull/128/head
bf24aef81ce27923d4a867e8564e4b60958d40f5	refs/tags/archive/codex-branches/codex/browser-control-policy-contracts
bf24aef81ce27923d4a867e8564e4b60958d40f5	refs/tags/archive/local-codex-branches/codex/browser-control-policy-contracts
bf48d99100b8e96f0dc6763952b9e9ee5f003e55	refs/heads/codex/lan-plan-code-wave-aug24
bf73d92e3170647dd829a5849e525891c78fb503	refs/pull/489/head
bf8b865f19007a51a11832f51ee9a19a92cd485b	refs/tags/archive/local-manual-review-branches/codex/app-game-timer-service-response-consumer-parent-surface-status-read-model-parent-surface-read-model-service-handoff-wp115
bf8b865f19007a51a11832f51ee9a19a92cd485b	refs/tags/archive/manual-review-branches/codex/app-game-timer-service-response-consumer-parent-surface-status-read-model-parent-surface-read-model-service-handoff-wp115
bfb85f51ba2ae19f3ba8357c0c2f3eb7b8fec175	refs/heads/archive/local-data-custody-wp05-source-20260818
c02334244e7032a67bdc034e4a428bac8613f296	refs/heads/codex/screen-wp32-producer-source
c098ea94c63d2e73db8dd635c7b550b389f675c7	refs/pull/652/head
c19baeaad9e48466146f59da428cd7a743486052	refs/pull/591/head
c19c762dff8292b1f6f6c49746551b2fbc8ee4f9	refs/heads/codex/data-wp05-source-completion
c264ace3fb740f0ab472240106885f474160a42f	refs/tags/archive/local-manual-review-branches/codex/app-game-adapter-capability-status-handoff
c264ace3fb740f0ab472240106885f474160a42f	refs/tags/archive/manual-review-branches/codex/app-game-adapter-capability-status-handoff
c28a2696005c118cc7889d462cace9515f70958e	refs/pull/112/head
c28a2696005c118cc7889d462cace9515f70958e	refs/tags/archive/codex-branches/codex/parent-portal-manage-ia
c28a2696005c118cc7889d462cace9515f70958e	refs/tags/archive/local-codex-branches/codex/parent-portal-manage-ia
c2bbd8f6265794061fe405b8c5747c52e27e9c2d	refs/pull/492/head
c2bbd8f6265794061fe405b8c5747c52e27e9c2d	refs/tags/archive/codex-branches/codex/e-c-production-support-status-backend-dead-letter-proof
c2bbd8f6265794061fe405b8c5747c52e27e9c2d	refs/tags/archive/local-codex-branches/codex/e-c-production-support-status-backend-dead-letter-proof
c2d8029aedf01c2ce3a15fb61075cbdc177c10fb	refs/tags/archive/local-manual-review-branches/codex/windows-v07-controlled-evidence-package-proof
c2d8029aedf01c2ce3a15fb61075cbdc177c10fb	refs/tags/archive/manual-review-branches/codex/windows-v07-controlled-evidence-package-proof
c31eb25d438456e030e881d5ca33271d36c8ec62	refs/pull/92/head
c31eb25d438456e030e881d5ca33271d36c8ec62	refs/tags/archive/codex-branches/codex/v0.9-lan-restart-registry-proof
c31eb25d438456e030e881d5ca33271d36c8ec62	refs/tags/archive/local-codex-branches/codex/v0.9-lan-restart-registry-proof
c327ffab3cf3251b20f832a79d4d42e817c2dd3a	refs/tags/archive/local-manual-review-branches/codex/screen-summary-parent-explanation-service-read-model-proof
c327ffab3cf3251b20f832a79d4d42e817c2dd3a	refs/tags/archive/manual-review-branches/codex/screen-summary-parent-explanation-service-read-model-proof
c3408dc881a07ce62ffd40f8310823684eb92c78	refs/pull/137/head
c3408dc881a07ce62ffd40f8310823684eb92c78	refs/tags/archive/codex-branches/codex/app-control-catalog-contracts
c3408dc881a07ce62ffd40f8310823684eb92c78	refs/tags/archive/local-codex-branches/codex/app-control-catalog-contracts
c3a511f06ea9190b7d331a09ffa2e0e8888ca828	refs/pull/186/head
c3a511f06ea9190b7d331a09ffa2e0e8888ca828	refs/tags/archive/codex-branches/codex/activity-reports-adapter-mia-evidence-final-pass
c3a511f06ea9190b7d331a09ffa2e0e8888ca828	refs/tags/archive/local-codex-branches/codex/activity-reports-adapter-mia-evidence-final-pass
c3c002114d5dba702c71162914f7c96172947daa	refs/pull/29/head
c3cf3e24e62f4c7c74d86e41a080dd9ed2701fd8	refs/pull/573/head
c3e8576bc4ecd85d394bb3a50883d5bbc236df25	refs/pull/36/head
c407e8deac10e2e98a8ac0ba0c0e8541702f07c0	refs/pull/557/head
c40e206c0329431d2fa69f6b19713e6f30319c6e	refs/pull/311/head
c40e206c0329431d2fa69f6b19713e6f30319c6e	refs/tags/archive/codex-branches/codex/tracking-child-check-in-ui-proof
c40e206c0329431d2fa69f6b19713e6f30319c6e	refs/tags/archive/local-codex-branches/codex/tracking-child-check-in-ui-proof
c4670e8c70a0d3ae9c4cf94af60775d01b443e1e	refs/pull/346/head
c4670e8c70a0d3ae9c4cf94af60775d01b443e1e	refs/tags/archive/codex-branches/codex/screen-winrt-ocr-worker-proof
c4b0bd351ad4e657ef7e58d069569e3b93d4185c	refs/pull/203/head
c4b0bd351ad4e657ef7e58d069569e3b93d4185c	refs/tags/archive/codex-branches/codex/activity-report-persistence-family-fanout
c4b0bd351ad4e657ef7e58d069569e3b93d4185c	refs/tags/archive/local-codex-branches/codex/activity-report-persistence-family-fanout
c54c3ac74ba2fea3457b388312ae8902473c4c58	refs/pull/107/head
c54c3ac74ba2fea3457b388312ae8902473c4c58	refs/tags/archive/codex-branches/codex/v0.8-windows-app-time-limit-adapter-mvp
c554da470e69af78687da66215f817e3eb110dba	refs/pull/585/head
c56f469c769197ddc94148d890f26599a0014a29	refs/pull/160/head
c56f469c769197ddc94148d890f26599a0014a29	refs/tags/archive/codex-branches/codex/v0-8-windows-adapter-artifact-gate
c56f469c769197ddc94148d890f26599a0014a29	refs/tags/archive/local-codex-branches/codex/v0-8-windows-adapter-artifact-gate
c583a69121cc3bbf78666b92e4f4c1daabb80b06	refs/pull/15/head
c5ab4f5ed330b2911ab5436028c39b46f36a396c	refs/tags/archive/local-manual-review-branches/codex/app-game-child-ux-runtime-audit-handoff
c5ab4f5ed330b2911ab5436028c39b46f36a396c	refs/tags/archive/manual-review-branches/codex/app-game-child-ux-runtime-audit-handoff
c5ac7290e73a77ab5d3eacd07d19a55cd8ce71ab	refs/pull/18/head
c5f5c0c931188c913e1bbe89dccd2d806198aabf	refs/heads/codex/child-runtime-storage-custody-compile-aug23
c60cfd6a0a91aebe5d6314d256308f849a650d42	refs/pull/611/head
c62ce4428da20f2ed562355bd03ee40873b305ff	refs/tags/archive/local-manual-review-branches/codex/tracking-hosted-ui-proof
c62ce4428da20f2ed562355bd03ee40873b305ff	refs/tags/archive/manual-review-branches/codex/tracking-hosted-ui-proof
c6a9bc3da4795241fa4bbea2e92cd87da98a81b3	refs/heads/codex/dependency-review-app-topology-aug23
c6e63abb781ba2f2457ba87ed2526f4caadb06bf	refs/pull/373/head
c70fc9ba05687a1c82cbcd813f47dcf25d66dfc3	refs/pull/323/head
c70fc9ba05687a1c82cbcd813f47dcf25d66dfc3	refs/tags/archive/local-only-branches/codex/e-b-v7-app-install-parent-review-action-proof
c71becbcfd4f07eb98a118f10dbf261320f6b54e	refs/heads/codex/child-runtime-source-routing
c77622cae19ac34496766809c8ef9f0553a46645	refs/heads/codex/account-multi-owner-fence-route
c79a97a5db6816ff09b6d3f6199a47bfd875b846	refs/pull/472/head
c80a92f1d4b3975e4832b1205168c1d64c41a4ac	refs/pull/504/head
c8a7af768edb3a6f664240c1f32bc4d0e28c02d1	refs/pull/490/head
c8b85f0a2ce96c2ca3d1392d011e875ea07c9705	refs/pull/284/head
c8b85f0a2ce96c2ca3d1392d011e875ea07c9705	refs/tags/archive/codex-branches/codex/billing-support-admin-boundary-proof
c8b85f0a2ce96c2ca3d1392d011e875ea07c9705	refs/tags/archive/local-codex-branches/codex/billing-support-admin-boundary-proof
c8e1b1096d0eef41be658c133179fae31d22ac0c	refs/pull/131/head
c8e1b1096d0eef41be658c133179fae31d22ac0c	refs/tags/archive/codex-branches/codex/parent-assistant-durable-threads-scheduler-evidence
c8e1b1096d0eef41be658c133179fae31d22ac0c	refs/tags/archive/local-codex-branches/codex/parent-assistant-durable-threads-scheduler-evidence
c91cdb8d54ed0e85cf908cac1ecccf8a6d87bb58	refs/pull/233/head
c91cdb8d54ed0e85cf908cac1ecccf8a6d87bb58	refs/tags/archive/codex-branches/codex/v0-8-notification-provider-status-boundary
c91cdb8d54ed0e85cf908cac1ecccf8a6d87bb58	refs/tags/archive/local-codex-branches/codex/v0-8-notification-provider-status-boundary
c9b0b7f87556c72efc9ee9fd6a38cff9c3cf7ea9	refs/pull/76/head
c9b0b7f87556c72efc9ee9fd6a38cff9c3cf7ea9	refs/tags/archive/codex-branches/codex/v0.8-enforcement-audit-capability-spine
c9b0b7f87556c72efc9ee9fd6a38cff9c3cf7ea9	refs/tags/archive/local-codex-branches/codex/v0.8-enforcement-audit-capability-spine
c9e07a400704f4137f1ec45954639ea67d825ca5	refs/pull/523/head
ca03f7247ac2bfa3a7260c1e96e90906f9f3ac03	refs/tags/archive/local-manual-review-branches/codex/screen-family-ai-hub-routing-proof
ca03f7247ac2bfa3a7260c1e96e90906f9f3ac03	refs/tags/archive/manual-review-branches/codex/screen-family-ai-hub-routing-proof
ca49b26a0793e19dce01ccde23944eec7f322d62	refs/pull/250/head
ca49b26a0793e19dce01ccde23944eec7f322d62	refs/tags/archive/codex-branches/codex/tamper-integrity-audit-contract-proof
ca49b26a0793e19dce01ccde23944eec7f322d62	refs/tags/archive/local-codex-branches/codex/tamper-integrity-audit-contract-proof
ca5be1923caf0d046f9ad2d6ea01d1a199adacdb	refs/pull/444/head
cba9f870715a98c5e61d633de64eb39414dd9afa	refs/heads/codex/account-wp04-compile-repair
cc0a7961e143af20bfe0c17f3f86b397fa1221c2	refs/pull/251/head
cc0a7961e143af20bfe0c17f3f86b397fa1221c2	refs/tags/archive/codex-branches/codex/tamper-uninstall-artifact-status-proof
cc0a7961e143af20bfe0c17f3f86b397fa1221c2	refs/tags/archive/local-codex-branches/codex/tamper-uninstall-artifact-status-proof
cc16053b49ee43b9e7c1aac71ffab26065ee0ff7	refs/pull/546/head
cc5d8318f786fd719c64618f35fd7a971fefa2ae	refs/tags/archive/local-manual-review-branches/codex/browser-inventory-live-platform-proof
cc5d8318f786fd719c64618f35fd7a971fefa2ae	refs/tags/archive/manual-review-branches/codex/browser-inventory-live-platform-proof
ccfa4da66226a1df29e7820816d8a602efdc8bea	refs/pull/544/head
cd1f56f881ca80b8aa4be81afeb8a8d55d62ee5e	refs/pull/648/head
cd739a4f06e3f97909600e6bb91e6cacdc333e81	refs/tags/archive/local-manual-review-branches/codex/tracking-desktop-presence-hint-proof
cd739a4f06e3f97909600e6bb91e6cacdc333e81	refs/tags/archive/manual-review-branches/codex/tracking-desktop-presence-hint-proof
cd949ee0b6fd2a5b130dd7916faba228cd859b19	refs/pull/52/head
cd949ee0b6fd2a5b130dd7916faba228cd859b19	refs/tags/archive/codex-branches/codex/local-model-artifact-cache-contracts
cd949ee0b6fd2a5b130dd7916faba228cd859b19	refs/tags/archive/local-codex-branches/codex/local-model-artifact-cache-contracts
cd9a16d8a17eb6a0549dd6ce916ffb15165d6ce8	refs/pull/570/head
cdb741e945e818b8e51652028608d3e049fd2e6a	refs/pull/252/head
cdb741e945e818b8e51652028608d3e049fd2e6a	refs/tags/archive/codex-branches/codex/app-install-purchase-child-state-proof
cdb741e945e818b8e51652028608d3e049fd2e6a	refs/tags/archive/local-codex-branches/codex/app-install-purchase-child-state-proof
cdbf9222e00ee56b55c03da551147edfa8174d36	refs/pull/433/head
ce112dc685c1abfa9492060fdb155268e8c1ca88	refs/pull/147/head
ce112dc685c1abfa9492060fdb155268e8c1ca88	refs/tags/archive/codex-branches/codex/v0-8-enforcement-adapter-product-proof-continuation
ce112dc685c1abfa9492060fdb155268e8c1ca88	refs/tags/archive/local-codex-branches/codex/v0-8-enforcement-adapter-product-proof-continuation
ce347f9aa9a8fcb7ef8301e72917c81bbfc507d0	refs/pull/427/head
ce3c75f3aa93c6fac2030e823c4df665f328f8ea	refs/pull/545/head
ce647b49969a951f308117613956634446a8ce99	refs/heads/codex/dependency-review-network-aug23
ceaa78d70d3932387e6289e3e26d85df2bacef28	refs/tags/archive/local-codex-branches/codex/eventing-runtime-completion
cebc2a158f9b97bcc02c14786cca7ed502255190	refs/tags/archive/local-only-branches/codex/v0-7-checkpoint-validation
cecb3e8a97fd532e6de312c83e88803962032641	refs/pull/485/head
cecb3e8a97fd532e6de312c83e88803962032641	refs/tags/archive/codex-branches/codex/e-b-app-install-provider-store-api-execution-proof
cecb3e8a97fd532e6de312c83e88803962032641	refs/tags/archive/local-codex-branches/codex/e-b-app-install-provider-store-api-execution-proof
cf28803ed9007054697b2fb9c580681cb57d2a58	refs/pull/260/head
cf28803ed9007054697b2fb9c580681cb57d2a58	refs/tags/archive/codex-branches/codex/billing-account-runtime-boundary-proof
cf28803ed9007054697b2fb9c580681cb57d2a58	refs/tags/archive/local-codex-branches/codex/billing-account-runtime-boundary-proof
cf720bc2562f05969c352fa1f1a8c4914b019932	refs/pull/475/head
cf9a8b3a7fb512af3b5dde06474b50702cffa1b9	refs/pull/2/head
cf9c05ffa87307166613b5b09606106dd2004fe0	refs/pull/631/head
cfae5f8343b52af506d07ae040926f7929731cb7	refs/pull/80/head
cfae5f8343b52af506d07ae040926f7929731cb7	refs/tags/archive/codex-branches/codex/v0.9-lan-audit-evidence-spine
cfae5f8343b52af506d07ae040926f7929731cb7	refs/tags/archive/local-codex-branches/codex/v0.9-lan-audit-evidence-spine
cfb6892bc682ec8ff970a58d921824358d7df2e9	refs/pull/3/head
cfe721ce2dd0f0d2a3939d3ac3b7aa07b804a2ac	refs/pull/174/head
cfe721ce2dd0f0d2a3939d3ac3b7aa07b804a2ac	refs/tags/archive/codex-branches/codex/v0-8-cross-platform-enforcement-capability-proof
d0578cb95e8051a146021ea830c18da6f4dc7cd6	refs/pull/531/head
d0578cb95e8051a146021ea830c18da6f4dc7cd6	refs/tags/archive/codex-branches/codex/e-b-app-install-real-runtime-delivery-boundary
d0578cb95e8051a146021ea830c18da6f4dc7cd6	refs/tags/archive/local-codex-branches/codex/e-b-app-install-real-runtime-delivery-boundary
d05cbb462afa0137bb007f7e64f739d5941a693e	refs/pull/616/head
d0980526a75441390ff6c38ec0c7a7364b587cb9	refs/pull/607/head
d0e98ece00afa3c7dc63a32f206ec33964051548	refs/pull/582/head
d124be12e8ebd6d7e3fd58c2737604cf878eb8cb	refs/pull/42/head
d16f39a3416aa705a36dc8c3d342a8893f2a7556	refs/pull/261/head
d16f39a3416aa705a36dc8c3d342a8893f2a7556	refs/tags/archive/codex-branches/codex/app-game-read-model-service-events
d16f39a3416aa705a36dc8c3d342a8893f2a7556	refs/tags/archive/local-codex-branches/codex/app-game-read-model-service-events
d1a4fbaadb9da15d98f2c07210b7f2fb24002a45	refs/pull/600/head
d2d8c98b3ac77bf7b2c4c5ff8d70f4dc64d665e2	refs/pull/231/head
d2d8c98b3ac77bf7b2c4c5ff8d70f4dc64d665e2	refs/tags/archive/codex-branches/codex/v0-9-lan-signed-discovery-relay-spine
d2d8c98b3ac77bf7b2c4c5ff8d70f4dc64d665e2	refs/tags/archive/local-codex-branches/codex/v0-9-lan-signed-discovery-relay-spine
d2e2ab34b5d3950d10b61eaaa453df33d42533e5	refs/pull/283/head
d2ee0fa83f3f387b4b4004222da999123c7c71d8	refs/tags/archive/local-codex-branches/codex/tracking-live-service-citation-proof
d359e610b2acf5c15aaf5fe2df93b4c340692781	refs/pull/351/head
d3b651b951fa7f04a54bf94117d909c664e569d4	refs/pull/638/head
d3c380c77cfb2601354a2a6aacd8263a608c6d40	refs/pull/226/head
d3c380c77cfb2601354a2a6aacd8263a608c6d40	refs/tags/archive/codex-branches/codex/v0-8-supported-adapter-runtime-proof
d3c380c77cfb2601354a2a6aacd8263a608c6d40	refs/tags/archive/local-codex-branches/codex/v0-8-supported-adapter-runtime-proof
d42fc823eb4293001ffa13fe31c4ddb100bf0c25	refs/tags/archive/local-codex-branches/codex/browser-child-intervention-endpoint-flow
d43ddf5705a5df9b31f05b914d7bade1c5a15d38	refs/pull/514/head
d43ddf5705a5df9b31f05b914d7bade1c5a15d38	refs/tags/archive/codex-branches/codex/e-b-app-install-external-runtime-writer-delivery-boundary-proof
d43ddf5705a5df9b31f05b914d7bade1c5a15d38	refs/tags/archive/local-codex-branches/codex/e-b-app-install-external-runtime-writer-delivery-boundary-proof
d45e8d7ffd77f9e49ee61c8d9aa6a29e38155f9a	refs/tags/archive/local-manual-review-branches/codex/app-game-source-freshness-quality-gate
d45e8d7ffd77f9e49ee61c8d9aa6a29e38155f9a	refs/tags/archive/manual-review-branches/codex/app-game-source-freshness-quality-gate
d496f08a7f5feca35d5d1479e983566924e3801c	refs/heads/codex/account-wp09-runtime-aug24
d4c48f7fba4f668ef725987dbc678e509a00f390	refs/pull/635/head
d4f1735a1f7cd0c9c8363bf180189296a1fa6867	refs/tags/archive/local-manual-review-branches/codex/screen-ai-live-ocr-operator-proof
d4f1735a1f7cd0c9c8363bf180189296a1fa6867	refs/tags/archive/manual-review-branches/codex/screen-ai-live-ocr-operator-proof
d4fa5191cf4ce6a3a5879ccd03d0f404ae78e6f5	refs/pull/209/head
d4fa5191cf4ce6a3a5879ccd03d0f404ae78e6f5	refs/tags/archive/codex-branches/codex/docs-parent-product-expectations
d4fa5191cf4ce6a3a5879ccd03d0f404ae78e6f5	refs/tags/archive/local-codex-branches/codex/docs-parent-product-expectations
d52c95dc5c24744b5875eb0c9344611483ec1969	refs/pull/697/head
d553cf4e5e1cd00d0da221e07cc12089fa475a6a	refs/pull/353/head
d584a7f195aedfae02ed70c904fabe602e313506	refs/pull/97/head
d584a7f195aedfae02ed70c904fabe602e313506	refs/tags/archive/codex-branches/codex/v0.7-current-main-proof-reconciliation
d584a7f195aedfae02ed70c904fabe602e313506	refs/tags/archive/local-codex-branches/codex/v0.7-current-main-proof-reconciliation
d5936a354b8e2a7d837fb798ddd2be0828cffa99	refs/pull/274/head
d5936a354b8e2a7d837fb798ddd2be0828cffa99	refs/tags/archive/local-manual-review-branches/codex/screen-ai-capture-analysis-runtime
d5936a354b8e2a7d837fb798ddd2be0828cffa99	refs/tags/archive/manual-review-branches/codex/screen-ai-capture-analysis-runtime
d5b6b9b2220bd17015cb96b603f839b1f538d955	refs/pull/516/head
d5d12de82d6fd168231098fa7e7f3cb5634c69e3	refs/pull/101/head
d5d12de82d6fd168231098fa7e7f3cb5634c69e3	refs/tags/archive/local-only-branches/codex/linux-package-baseline-and-package-proof
d5f380dc35dc7d8a1cb9ce3cd15f017ed4082be3	refs/heads/codex/browser-wp07-wp09-route
d61103811d005bc1ce08aa86f9a6ede8a11bc977	refs/pull/26/head
d6143892e59de46e6a8a31c43cef7b2f3a257f08	refs/pull/234/head
d6143892e59de46e6a8a31c43cef7b2f3a257f08	refs/tags/archive/codex-branches/codex/parent-mobile-route-status-service-bridge-proof
d6143892e59de46e6a8a31c43cef7b2f3a257f08	refs/tags/archive/local-codex-branches/codex/parent-mobile-route-status-service-bridge-proof
d63e2ac4019014dc706b46621ba8f66ad6b13b21	refs/pull/196/head
d63e2ac4019014dc706b46621ba8f66ad6b13b21	refs/tags/archive/codex-branches/codex/child-android-privileged-capability-proof
d63e2ac4019014dc706b46621ba8f66ad6b13b21	refs/tags/archive/local-codex-branches/codex/child-android-privileged-capability-proof
d6592498c936c011aee524c6650a2cf1e9fd3338	refs/pull/640/head
d67d61ca05e39491e4c42f7994da5c197cc71c79	refs/tags/archive/local-manual-review-branches/codex/network-row10c-remote-event-chain-journal-on-row10b
d67d61ca05e39491e4c42f7994da5c197cc71c79	refs/tags/archive/manual-review-branches/codex/network-row10c-remote-event-chain-journal-on-row10b
d68aa9aefcbb2c888b4577006d30e763a02eabcd	refs/tags/archive/local-codex-branches/codex/browser-control-full-catalog-schema
d68aa9aefcbb2c888b4577006d30e763a02eabcd	refs/tags/archive/local-codex-branches/codex/v09-household-lan-proof-readiness
d68aa9aefcbb2c888b4577006d30e763a02eabcd	refs/tags/archive/local-only-branches/codex/v09-production-discovery-proof
d6a22d8f7eb74c351267ab6c497763d08ae9a416	refs/pull/181/head
d6a22d8f7eb74c351267ab6c497763d08ae9a416	refs/tags/archive/codex-branches/codex/v0-8-broad-os-adapter-runtime-proof
d6a22d8f7eb74c351267ab6c497763d08ae9a416	refs/tags/archive/local-codex-branches/codex/v0-8-broad-os-adapter-runtime-proof
d6a746225b8d952f2434100b2041973600bf5b43	refs/pull/550/head
d6e6b5da4e9ddff79c98b8fb3fca597d3b1f307b	refs/pull/254/head
d6e6b5da4e9ddff79c98b8fb3fca597d3b1f307b	refs/tags/archive/codex-branches/codex/billing-subscription-device-limit-failure-proof
d6e6b5da4e9ddff79c98b8fb3fca597d3b1f307b	refs/tags/archive/local-codex-branches/codex/billing-subscription-device-limit-failure-proof
d73b8a53cb752a81f0ee7d8629641ab09946da23	refs/pull/288/head
d73b8a53cb752a81f0ee7d8629641ab09946da23	refs/tags/archive/codex-branches/codex/tracking-android-emulator-proof
d73b8a53cb752a81f0ee7d8629641ab09946da23	refs/tags/archive/local-codex-branches/codex/tracking-android-emulator-proof
d77dc9f24df774b1779fc660ae1db321f02fa232	refs/heads/codex/canonical-truth-refresh
d77f8f649b00b4a1259a51d18b989b2a545eb27b	refs/heads/codex/data-wp08-p1-source-repair
d78758b213eeb50962634c7852ab938f75e38f3a	refs/heads/codex/account-wp05-routing
d79d4965444a0486c75f214303fbe60d4199cf6f	refs/pull/362/head
d79d4965444a0486c75f214303fbe60d4199cf6f	refs/tags/archive/codex-branches/codex/e-c-support-backend-upload-execution-proof
d7f268084963ff17be4d2c7c12340a7dd161c01a	refs/tags/archive/local-manual-review-branches/codex/app-game-policy-evaluator-service
d7f268084963ff17be4d2c7c12340a7dd161c01a	refs/tags/archive/manual-review-branches/codex/app-game-policy-evaluator-service
d7fd43fbc94c50349ac30549fe792e8b6ab4727b	refs/tags/archive/local-manual-review-branches/codex/network-row10j-remote-no-enforcement-invariant-on-row10i
d7fd43fbc94c50349ac30549fe792e8b6ab4727b	refs/tags/archive/manual-review-branches/codex/network-row10j-remote-no-enforcement-invariant-on-row10i
d81a2f7e3de526b14ac43a8a475c92b3e40d6d94	refs/tags/archive/local-manual-review-branches/codex/app-game-source-gated-policy-preview-timer-scheduler-persistence
d81a2f7e3de526b14ac43a8a475c92b3e40d6d94	refs/tags/archive/manual-review-branches/codex/app-game-source-gated-policy-preview-timer-scheduler-persistence
d8d310bf4fad69db77db8d89e5b151ebc8f11c5b	refs/tags/archive/local-codex-branches/codex/enforcement-lan-mobile-product-proof
d8d310bf4fad69db77db8d89e5b151ebc8f11c5b	refs/tags/archive/local-codex-branches/codex/portal-runtime-tauri-mobile-wiring
d8f111bfdd5e2e0efdd26ec99f7e73c1a5e28e84	refs/heads/codex/dependency-review-screen-plan-aug23
d8f7804d1762f5f134e330fcce64cfa30564c462	refs/tags/archive/local-manual-review-branches/codex/network-adapter-gate-proof-artifacts
d8f7804d1762f5f134e330fcce64cfa30564c462	refs/tags/archive/manual-review-branches/codex/network-adapter-gate-proof-artifacts
d902b486c40d787c7e89b2a2e781ce43d45b1071	refs/tags/archive/local-codex-branches/codex/e-b-app-install-runtime-writer-delivery-proof
d9360f7eb19705a6fd7d7966ad93c41cfce0968c	refs/heads/codex/agent-service-nonce-compile-aug23
d94321a2a5ed78923a8053a4ac449562cfc91782	refs/pull/108/head
d94321a2a5ed78923a8053a4ac449562cfc91782	refs/tags/archive/codex-branches/codex/v0.9-paired-device-routing-revocation-mvp
d94321a2a5ed78923a8053a4ac449562cfc91782	refs/tags/archive/local-codex-branches/codex/v0.9-paired-device-routing-revocation-mvp
d987cb18958c285a4a955857e3a2c24faf7ce421	refs/tags/archive/local-manual-review-branches/codex/network-row10b-remote-delivery-status-on-row10a
d987cb18958c285a4a955857e3a2c24faf7ce421	refs/tags/archive/manual-review-branches/codex/network-row10b-remote-delivery-status-on-row10a
d98b1e62f6bad8d7672a14521c8ce2eeef6f8f8c	refs/pull/377/head
d9e543e5f8bc0b7f0050aafecddaf77e1624279d	refs/tags/archive/local-manual-review-branches/codex/local-ai-parent-rule-context-proof
d9e543e5f8bc0b7f0050aafecddaf77e1624279d	refs/tags/archive/manual-review-branches/codex/local-ai-parent-rule-context-proof
da2cdf692b2dbb24c606dba1727abe5984a8069d	refs/pull/189/head
da2cdf692b2dbb24c606dba1727abe5984a8069d	refs/tags/archive/codex-branches/codex/v0-9-household-physical-proof-artifact-gate
da2cdf692b2dbb24c606dba1727abe5984a8069d	refs/tags/archive/local-codex-branches/codex/v0-9-household-physical-proof-artifact-gate
da319b41f73cd3185e21bd692c2f5cb0c7fa638a	refs/pull/454/head
da319b41f73cd3185e21bd692c2f5cb0c7fa638a	refs/tags/archive/codex-branches/codex/e-b-app-install-product-claim-gate-proof
da319b41f73cd3185e21bd692c2f5cb0c7fa638a	refs/tags/archive/local-codex-branches/codex/e-b-app-install-product-claim-gate-proof
da48ba1809394ce4cf30e9efcc88d1b2e4828268	refs/pull/150/head
da48ba1809394ce4cf30e9efcc88d1b2e4828268	refs/tags/archive/codex-branches/codex/v0-8-broad-os-adapter-proof-readiness
da48ba1809394ce4cf30e9efcc88d1b2e4828268	refs/tags/archive/local-codex-branches/codex/v0-8-broad-os-adapter-proof-readiness
daad7554d2b9d2a8577a2074481db8668ef92feb	refs/pull/488/head
daba6939fd28bb92fdbece662a7748b6d014c1ea	refs/pull/578/head
dae285c0a6d1032b212d41797cd01c451afdf85b	refs/pull/705/head
dae96862d220c407aee1d544429595f2a92a150e	refs/pull/90/head
dae96862d220c407aee1d544429595f2a92a150e	refs/tags/archive/codex-branches/codex/v0.9-lan-trusted-device-rejection-proof
dae96862d220c407aee1d544429595f2a92a150e	refs/tags/archive/local-codex-branches/codex/v0.9-lan-trusted-device-rejection-proof
db29f8970a0b425a2a1b2b11b9b441958d21362a	refs/pull/625/head
db67aa7b72eed9b994df2509edae294ebc9cb3a4	refs/pull/527/head
db67aa7b72eed9b994df2509edae294ebc9cb3a4	refs/tags/archive/codex-branches/codex/browser-child-intervention-endpoint-flow
dbc73d211667101a3f47e2385fe554faa1ebf34f	refs/pull/170/head
dbc73d211667101a3f47e2385fe554faa1ebf34f	refs/tags/archive/codex-branches/codex/v0-8-broad-os-adapter-proof
dbc73d211667101a3f47e2385fe554faa1ebf34f	refs/tags/archive/local-codex-branches/codex/v0-8-broad-os-adapter-proof
dbde2dae6ea2800fcdda91db17cb268c5ea8cc55	refs/heads/codex/agent-service-lan-revoke-compile-aug23
dd05fdc274f1f1202a68b5b190104803355b096d	refs/pull/566/head
dd54c6841a96faa1e1b66e260fc7e7a37568fb42	refs/pull/238/head
dd74f8fa7a540cb3d2553839a15182809800285e	refs/pull/43/head
dd952159988c7bde025d345865d8c3b7221e3565	refs/pull/426/head
ddccb529f5dc69c917e869b06ad5227f01e25403	refs/pull/414/head
ddd7c239effb91d5a3cb042599250acf515e9690	refs/tags/archive/local-manual-review-branches/codex/app-game-notification-outbox-bridge
ddd7c239effb91d5a3cb042599250acf515e9690	refs/tags/archive/manual-review-branches/codex/app-game-notification-outbox-bridge
de15b5a96fac45dfa804195cc43528b31bb2854a	refs/pull/471/head
de260b3d32bd310ca4f23b9339539eeb76794183	refs/pull/309/head
de260b3d32bd310ca4f23b9339539eeb76794183	refs/tags/archive/codex-branches/codex/screen-settings-writable-intent-proof
de260b3d32bd310ca4f23b9339539eeb76794183	refs/tags/archive/local-codex-branches/codex/screen-settings-writable-intent-proof
de32ec4cdddcdfc30c89b2b15268f8669ef9b0da	refs/pull/239/head
de4df34155f6533b6c211ca69ba5d0bef5540bd7	refs/pull/146/head
de4df34155f6533b6c211ca69ba5d0bef5540bd7	refs/tags/archive/codex-branches/codex/activity-service-backed-adapter-foundation
de4df34155f6533b6c211ca69ba5d0bef5540bd7	refs/tags/archive/local-codex-branches/codex/activity-service-backed-adapter-foundation
de91cb3f3ef8cad3586fa6150921909cae56ca4c	refs/tags/archive/local-manual-review-branches/codex/app-game-source-gated-policy-preview-timer-service-readiness-service-handler-handoff
de91cb3f3ef8cad3586fa6150921909cae56ca4c	refs/tags/archive/manual-review-branches/codex/app-game-source-gated-policy-preview-timer-service-readiness-service-handler-handoff
deaa7463c3e40029f25cfec804d082787139f2b6	refs/tags/archive/local-codex-branches/codex/visible-portal-service-backed-activity-device-wiring
decd60bceadcd415354e1486956d26d51c23438b	refs/pull/421/head
dedd627afe8d4818203c57288b04a3b4964c36e6	refs/pull/72/head
dedd627afe8d4818203c57288b04a3b4964c36e6	refs/tags/archive/codex-branches/codex/parent-portal-sidepanel-foldouts
dedd627afe8d4818203c57288b04a3b4964c36e6	refs/tags/archive/local-codex-branches/codex/parent-portal-sidepanel-foldouts
defb866e1eae8e250ed89ff5277626f83eeca73b	refs/pull/314/head
defb866e1eae8e250ed89ff5277626f83eeca73b	refs/tags/archive/codex-branches/codex/e-b-v7-app-install-report-runtime-proof
defb866e1eae8e250ed89ff5277626f83eeca73b	refs/tags/archive/local-codex-branches/codex/e-b-v7-app-install-report-runtime-proof
df507ac9a3d8a9380a9b3daccce5623d21974605	refs/pull/124/head
df507ac9a3d8a9380a9b3daccce5623d21974605	refs/tags/archive/codex-branches/codex/parent-mobile-shell-runtime-proof
df507ac9a3d8a9380a9b3daccce5623d21974605	refs/tags/archive/local-codex-branches/codex/parent-mobile-shell-runtime-proof
dfef1376cc107d05e140ae94720555d39e252bbc	refs/heads/codex/dependency-review-logging-aug23
e0c2d158ab7e192642e38c3023e791efc085728d	refs/heads/codex/logging-source-wave-repair
e106c47ebbcce86f1f3ab85a5e1c4cbf95e4e20d	refs/tags/archive/local-manual-review-branches/codex/app-plan-proof-reconciliation
e106c47ebbcce86f1f3ab85a5e1c4cbf95e4e20d	refs/tags/archive/manual-review-branches/codex/app-plan-proof-reconciliation
e1c858a8ea53a7c03c163f8f93c251697b4a209f	refs/pull/319/head
e1edd432fabf29fe7acb36085306d218cd32e48a	refs/tags/archive/local-manual-review-branches/codex/tracking-android-status-gap-proof
e1edd432fabf29fe7acb36085306d218cd32e48a	refs/tags/archive/manual-review-branches/codex/tracking-android-status-gap-proof
e20424629574cb96f82fcc1e041c7f5970b497bf	refs/pull/20/head
e238b2155b2f0370c6fbac2895d2e2681a125bc0	refs/pull/228/head
e238b2155b2f0370c6fbac2895d2e2681a125bc0	refs/tags/archive/codex-branches/codex/v0-9-production-lan-household-proof
e238b2155b2f0370c6fbac2895d2e2681a125bc0	refs/tags/archive/local-codex-branches/codex/v0-9-production-lan-household-proof
e2841282f85b98ceba73bb51348f1460b8396af4	refs/pull/368/head
e2a3d4b6b0e7cae879f1f9f0339217ebda22bbef	refs/pull/692/head
e2d9d9554ac83bfcde038243536d407da759767e	refs/pull/330/head
e3032292a8ec364fc188bd62b60941a5a5c89f35	refs/heads/codex/entitlement-compile-repair-aug23
e33723464fc57217c4f93fa39b72769940a44a7a	refs/tags/archive/local-manual-review-branches/codex/tracking-platform-manual-required-proof
e33723464fc57217c4f93fa39b72769940a44a7a	refs/tags/archive/manual-review-branches/codex/tracking-platform-manual-required-proof
e33bc40b08ef5e844b72c8f48a673f9c76a0553c	refs/pull/484/head
e369fdbd28dfdf0def6cd9c9e5f7519702a66b5e	refs/pull/83/head
e37d47f7a3afc8104f37b46ba78b802e8bf62181	refs/pull/301/head
e37d47f7a3afc8104f37b46ba78b802e8bf62181	refs/tags/archive/codex-branches/codex/browser-inventory-product-catalog-proof
e37d47f7a3afc8104f37b46ba78b802e8bf62181	refs/tags/archive/local-codex-branches/codex/browser-inventory-product-catalog-proof
e38cbb3352bf813a7949f19405e133c0cf665cf5	refs/tags/archive/local-manual-review-branches/codex/network-ai-proof-artifacts
e38cbb3352bf813a7949f19405e133c0cf665cf5	refs/tags/archive/manual-review-branches/codex/network-ai-proof-artifacts
e4389fbfd60f5069e448ef1efc0d72145234bcba	refs/pull/706/head
e43c50ae790d2b11456d837d2509947b4a2af92b	refs/heads/codex/browser-runtime-source-aug19
e482423c92383060e08371fefa7b1ae1c49ef49c	refs/tags/archive/local-manual-review-branches/codex/tracking-poi-provider-adapter-proof
e482423c92383060e08371fefa7b1ae1c49ef49c	refs/tags/archive/manual-review-branches/codex/tracking-poi-provider-adapter-proof
e4a086b18939d1d1abc649bd26d59bb9b69b3f2e	refs/heads/codex/agent-core-compile-repair-aug23
e4b71159a3c774f436591ea1ce1bd24410494eed	refs/pull/537/head
e4b71159a3c774f436591ea1ce1bd24410494eed	refs/tags/archive/codex-branches/codex/e-c-production-support-backend-upload-provider-runtime-readiness
e4b71159a3c774f436591ea1ce1bd24410494eed	refs/tags/archive/local-codex-branches/codex/e-c-production-support-backend-upload-provider-runtime-readiness
e4c871df2f2dc7c25c85064754912659c7b59c9c	refs/pull/199/head
e4c871df2f2dc7c25c85064754912659c7b59c9c	refs/tags/archive/codex-branches/codex/child-android-device-proof-artifact-gate
e589357d456979343346d650c4e142650bdafa91	refs/tags/archive/local-manual-review-branches/codex/app-game-source-gated-policy-preview-timer-service-readiness-read-api-response-consumer-handoff
e589357d456979343346d650c4e142650bdafa91	refs/tags/archive/manual-review-branches/codex/app-game-source-gated-policy-preview-timer-service-readiness-read-api-response-consumer-handoff
e589cf27879c123fb321c3e87f91c16f2b915519	refs/heads/codex/release-governance-fix
e6b8334b586bb3da6ccbbaecc1bea28a4f4f4e0e	refs/tags/archive/manual-review-branches/codex/browser-windows-registry-start-menu-proof
e6e27fab233bcf32affdad6010e56387754cb099	refs/pull/218/head
e7b04dea9fc4c10ee654b37a9280c7798d5d0986	refs/pull/67/head
e7b04dea9fc4c10ee654b37a9280c7798d5d0986	refs/tags/archive/codex-branches/codex/managed-browser-proof-recovery
e7b04dea9fc4c10ee654b37a9280c7798d5d0986	refs/tags/archive/local-codex-branches/codex/managed-browser-proof-recovery
e7e7c01f7da03c9c91360bbc72479c594dc0ac83	refs/pull/695/head
e89a3a7a74cc795ce2ba4bd60e273c4f77926c72	refs/pull/118/head
e89a3a7a74cc795ce2ba4bd60e273c4f77926c72	refs/tags/archive/codex-branches/codex/activity-mia-product-hardening
e89a3a7a74cc795ce2ba4bd60e273c4f77926c72	refs/tags/archive/local-codex-branches/codex/activity-mia-product-hardening
e90e5e3026817e2a436721bcb10ffe2c0b4736a9	refs/pull/84/head
e90e5e3026817e2a436721bcb10ffe2c0b4736a9	refs/tags/archive/codex-branches/codex/v0.9-lan-registry-restart-proof
e90e5e3026817e2a436721bcb10ffe2c0b4736a9	refs/tags/archive/local-codex-branches/codex/v0.9-lan-registry-restart-proof
e999bdfeb694c4d882b24f7ee777e7694c6bafd2	refs/tags/archive/local-manual-review-branches/codex/screen-ai-browser-trigger-proof
e999bdfeb694c4d882b24f7ee777e7694c6bafd2	refs/tags/archive/manual-review-branches/codex/screen-ai-browser-trigger-proof
e9b096e28525a28c4d2ae288eaf6696eb883289e	refs/tags/archive/local-only-branches/codex/a-parked-main
e9b096e28525a28c4d2ae288eaf6696eb883289e	refs/tags/archive/local-only-branches/codex/e-b-parked-main
e9d729d5ab9b5c0e9b567f68b9be957e49f75615	refs/heads/codex/data-wp05-mount-contract-source
e9f17fd6e362928e38f7861af01be3e22f5d4dca	refs/pull/610/head
ea0e3bd64146b390934b59eb77cbcd45fcea1c4e	refs/tags/archive/local-manual-review-branches/codex/tracking-broader-read-model-surfaces-proof
ea0e3bd64146b390934b59eb77cbcd45fcea1c4e	refs/tags/archive/manual-review-branches/codex/tracking-broader-read-model-surfaces-proof
ea60be047de4bc55832af7bbb959d801cc6c2a3f	refs/tags/archive/local-manual-review-branches/codex/app-game-launcher-candidate-model
ea60be047de4bc55832af7bbb959d801cc6c2a3f	refs/tags/archive/manual-review-branches/codex/app-game-launcher-candidate-model
ea912c3c7fcd56c8eb139b830149ad3572f8be85	refs/tags/archive/local-manual-review-branches/codex/network-remote-delivery-outbox-handoff-proof
ea92e4a92a3d194421f23e954c5440a9bc4edbfe	refs/pull/468/head
eb12390f20e3eba34df2d49b88e04c154f3972bb	refs/pull/405/head
eb4e66a791d79644c316fcb3de00a413f99d128b	refs/heads/main
eb4e66a791d79644c316fcb3de00a413f99d128b	refs/pull/708/head
eb55ae7c01084f4d27ef0e0bc432b930afc12061	refs/pull/352/head
eb55ae7c01084f4d27ef0e0bc432b930afc12061	refs/tags/archive/manual-review-branches/codex/screen-summary-parent-explanation-proof
eb9ecaf5fcbca47921bd84623dd548c64403b216	refs/pull/159/head
eb9ecaf5fcbca47921bd84623dd548c64403b216	refs/tags/archive/codex-branches/codex/v0-8-windows-adapter-capability-proof
eb9ecaf5fcbca47921bd84623dd548c64403b216	refs/tags/archive/local-codex-branches/codex/v0-8-windows-adapter-capability-proof
ebc54133740a2aecdb6e3aaa6d29873ba0c9772f	refs/pull/157/head
ebc54133740a2aecdb6e3aaa6d29873ba0c9772f	refs/tags/archive/codex-branches/codex/parent-assistant-action-preview-backend-proof
ebc54133740a2aecdb6e3aaa6d29873ba0c9772f	refs/tags/archive/local-codex-branches/codex/parent-assistant-action-preview-backend-proof
ebd9933247784b13b2bdfd6fbda0bf54ca22934c	refs/pull/553/head
ebed9360c57e59fae6809dee25ac78e979e0ba5f	refs/pull/510/head
ec129d6681fde91fce3fea835c79a211b7633e1c	refs/heads/codex/data-custody-plan-code-wave
ec1ab3d2c44f5d697b4d2ecd73b377725e8967c3	refs/heads/codex/screen-wp37-truth-aug24
ec8251851270776dacbf52b3e4d5642beae4f564	refs/pull/37/head
eca56182f01283392c227f374b9dfc8565bb0a41	refs/tags/archive/local-manual-review-branches/codex/screen-ai-final-product-path-proof
eca56182f01283392c227f374b9dfc8565bb0a41	refs/tags/archive/manual-review-branches/codex/screen-ai-final-product-path-proof
ed4142616fe0e52c433e01a4944744bef539e6bc	refs/pull/530/head
ed4142616fe0e52c433e01a4944744bef539e6bc	refs/tags/archive/codex-branches/codex/e-c-production-support-provider-secret-rotation-revocation-status-proof
ed709137064c1a7b87da134b9d87f53e282a9823	refs/pull/503/head
ed8c8afb9ad0bd9b35f8cd5231ff6cdf6e762bcd	refs/pull/343/head
ed8c8f752b5faf90354d6a5a03f65e14e6ff0515	refs/pull/304/head
ed8c8f752b5faf90354d6a5a03f65e14e6ff0515	refs/tags/archive/codex-branches/codex/tracking-hosted-ui-accessibility-proof-v2
ed8c8f752b5faf90354d6a5a03f65e14e6ff0515	refs/tags/archive/local-codex-branches/codex/tracking-hosted-ui-accessibility-proof-v2
eda085a5b835e67d1ab549eaeed40d08dee99649	refs/tags/archive/local-manual-review-branches/codex/screen-child-disclosure-ux-proof
eda085a5b835e67d1ab549eaeed40d08dee99649	refs/tags/archive/manual-review-branches/codex/screen-child-disclosure-ux-proof
ede4c7f6a9462a126a5051c7aa362b236e7a4277	refs/pull/512/head
ee0a35083299537870a4b20af8e0dc4d20f3455f	refs/tags/archive/manual-review-branches/codex/app-game-notification-parent-surface-intent-wp65
ee0dc61e3fa1c796efe810ad1a8282da871174de	refs/pull/592/head
ee9444c3fffef5515924112d1a01dc488e7756d4	refs/pull/396/head
ef35a908370f43cc5c64f29eb9532f4a9eaaa721	refs/tags/archive/local-manual-review-branches/codex/eventing-proof-refresh-after-pr376
ef35a908370f43cc5c64f29eb9532f4a9eaaa721	refs/tags/archive/manual-review-branches/codex/eventing-proof-refresh-after-pr376
efe7120f83c0e840e500fdac609e361ebee60006	refs/pull/325/head
f04614a47a57e49f5315359e55d7404bb46b3896	refs/pull/629/head
f084b48f8884a588da59478b88b776ed145aeadd	refs/tags/archive/local-manual-review-branches/codex/app-game-source-gated-policy-preview-timer-service-readiness-response-consumer-parent-surface-status-read-model-parent-surface-read-model-service-handoff
f084b48f8884a588da59478b88b776ed145aeadd	refs/tags/archive/manual-review-branches/codex/app-game-source-gated-policy-preview-timer-service-readiness-response-consumer-parent-surface-status-read-model-parent-surface-read-model-service-handoff
f0c232f85a4ca1bfe64f6c64cbe30ea2d0453ebd	refs/pull/293/head
f147e185c0e0aae70acc425d365502ae4428f6e2	refs/pull/604/head
f19ea216bb9f8947d5acb7f4a2814da5b13187cd	refs/pull/529/head
f19ea216bb9f8947d5acb7f4a2814da5b13187cd	refs/tags/archive/codex-branches/codex/e-b-app-install-external-runtime-writer-delivery
f19ea216bb9f8947d5acb7f4a2814da5b13187cd	refs/tags/archive/local-codex-branches/codex/e-b-app-install-external-runtime-writer-delivery
f1af8c8f7751ef309055929b20301d24b49a9fa1	refs/tags/archive/local-manual-review-branches/codex/app-game-source-freshness-status-continuation
f1af8c8f7751ef309055929b20301d24b49a9fa1	refs/tags/archive/manual-review-branches/codex/app-game-source-freshness-status-continuation
f1b34f03e7046a4bed43c1b83ef3f3a81697096e	refs/pull/46/head
f208dd56b3dc030376d527c5b128458f3bfb1cd5	refs/tags/archive/local-manual-review-branches/codex/app-game-authority-matrix
f208dd56b3dc030376d527c5b128458f3bfb1cd5	refs/tags/archive/manual-review-branches/codex/app-game-authority-matrix
f2650156bcb3cc5c4523bb95122f2f0c272426d3	refs/tags/archive/local-manual-review-branches/codex/app-game-timer-service-response-consumer-parent-surface-status-read-model-parent-surface-read-model-service-read-model-handoff-wp116
f2650156bcb3cc5c4523bb95122f2f0c272426d3	refs/tags/archive/manual-review-branches/codex/app-game-timer-service-response-consumer-parent-surface-status-read-model-parent-surface-read-model-service-read-model-handoff-wp116
f27c9e095681471aeec610749b515782ff2eba33	refs/pull/411/head
f3150b4b3fdf735707a874c87b91795057d3c148	refs/tags/archive/local-manual-review-branches/codex/local-ai-text-output-parser-proof
f3150b4b3fdf735707a874c87b91795057d3c148	refs/tags/archive/manual-review-branches/codex/local-ai-text-output-parser-proof
f3578df8a61e1b96854416da3f6e45a2d789aafb	refs/tags/archive/local-only-branches/codex/network-eventing-row10-closure-proof
f45d2ca4cfb358847c031a9eca0328bc6771a4a4	refs/pull/51/head
f4952d3838fa08078e3ef03b830c5535dd0bc35c	refs/pull/397/head
f51219a836575ac9718eb56c8f2930fe77125838	refs/pull/348/head
f51219a836575ac9718eb56c8f2930fe77125838	refs/tags/archive/codex-branches/codex/tracking-read-model-product-surface-proof
f51219a836575ac9718eb56c8f2930fe77125838	refs/tags/archive/local-codex-branches/codex/tracking-read-model-product-surface-proof
f543087cff3a9b995c6bf488384f317492421472	refs/heads/codex/parent-runtime-singletons-compile-aug23
f58a996017d934e4dc9115280dba210517a389de	refs/pull/322/head
f58eba28500c0c6b977a16d04000bf80d60d6b62	refs/pull/263/head
f58eba28500c0c6b977a16d04000bf80d60d6b62	refs/tags/archive/codex-branches/codex/app-install-package-source-artifact-proof
f58eba28500c0c6b977a16d04000bf80d60d6b62	refs/tags/archive/local-codex-branches/codex/app-install-package-source-artifact-proof
f5974c79515f5cf69f3ae59101f425fd5125d228	refs/heads/codex/device-wp01-fence-integrate-aug24
f5b839efbc059e8b65370496144691890eb492fc	refs/heads/codex/data-custody-wp06-source
f68642aed18b46f44d595ca4b3b3604c0c126cb4	refs/pull/127/head
f68642aed18b46f44d595ca4b3b3604c0c126cb4	refs/tags/archive/codex-branches/codex/parent-assistant-thread-provider-runtime
f68642aed18b46f44d595ca4b3b3604c0c126cb4	refs/tags/archive/local-codex-branches/codex/parent-assistant-thread-provider-runtime
f695ee3a40d787fc84f65b34cf6d7ef671bf2ed4	refs/tags/v0.1.0
f6ac50434d46a8164d2a306bec92334b55437e10	refs/heads/codex/account-wp02-target-authority
f6e3515e745a899175d9429cb2f56eaa79f8be84	refs/pull/184/head
f6e3515e745a899175d9429cb2f56eaa79f8be84	refs/tags/archive/codex-branches/codex/parent-assistant-api-ai-authorization-custody-runtime-proof
f6e3515e745a899175d9429cb2f56eaa79f8be84	refs/tags/archive/local-codex-branches/codex/parent-assistant-api-ai-authorization-custody-runtime-proof
f70df295f3fbba639946fd0d943326ab44c50528	refs/tags/archive/local-manual-review-branches/codex/network-row10h-remote-outbox-status-bridge-on-row10g
f70df295f3fbba639946fd0d943326ab44c50528	refs/tags/archive/manual-review-branches/codex/network-row10h-remote-outbox-status-bridge-on-row10g
f7129f82e14fa53a7a7798cd255dcc35712e9f2b	refs/heads/codex/account-data-runtime-routing
f77e49b7f51cf1478455ad62c4c7d1ec280d3e23	refs/tags/archive/local-manual-review-branches/codex/network-row10f-remote-delivery-status-bridge-on-row10e
f77e49b7f51cf1478455ad62c4c7d1ec280d3e23	refs/tags/archive/manual-review-branches/codex/network-row10f-remote-delivery-status-bridge-on-row10e
f795a46904328ca7395232c3244c355cf0cb2dc4	refs/tags/archive/local-manual-review-branches/codex/network-remote-receipt-ledger-proof-on-row10f
f795a46904328ca7395232c3244c355cf0cb2dc4	refs/tags/archive/manual-review-branches/codex/network-remote-receipt-ledger-proof-on-row10f
f7cf82fddb94c48be33559b40d52bddc40e0d8ee	refs/tags/archive/manual-review-branches/codex/network-remote-delivery-outbox-handoff-proof
f7f9502682b1b6e965eabd20b11d3808853e9e82	refs/tags/archive/local-manual-review-branches/codex/app-game-source-gated-policy-preview-timer-service-readiness-read-api-response-handoff
f7f9502682b1b6e965eabd20b11d3808853e9e82	refs/tags/archive/manual-review-branches/codex/app-game-source-gated-policy-preview-timer-service-readiness-read-api-response-handoff
f85f9f9cc53d099afef1b0438d31a902388fd36a	refs/pull/213/head
f85f9f9cc53d099afef1b0438d31a902388fd36a	refs/tags/archive/codex-branches/codex/v0-9-household-lan-pairing-proof
f85f9f9cc53d099afef1b0438d31a902388fd36a	refs/tags/archive/local-codex-branches/codex/v0-9-household-lan-pairing-proof
f8691d50f9f15d513288e0368d85b76aafc9a916	refs/pull/4/head
f8bae2966a17a053bcaf84c9f7e717f8d17f5475	refs/tags/archive/local-manual-review-branches/codex/app-game-source-gated-policy-preview-timer-service-readiness-response-consumer-parent-surface-handoff
f8bae2966a17a053bcaf84c9f7e717f8d17f5475	refs/tags/archive/manual-review-branches/codex/app-game-source-gated-policy-preview-timer-service-readiness-response-consumer-parent-surface-handoff
f8bb5f03a2bda8a7fcd16e0e35005e232cb98712	refs/pull/499/head
f8d0a888a11e4007adc9d9fdfbdf05aaaf8760f1	refs/heads/codex/data-custody-wp05-source-repaired
f8d6f785ef251ba6eba773c006bacbd50ac7f894	refs/tags/archive/local-manual-review-branches/codex/network-broker-delivery-proof-artifacts
f8d6f785ef251ba6eba773c006bacbd50ac7f894	refs/tags/archive/manual-review-branches/codex/network-broker-delivery-proof-artifacts
f8da9945dc2be6c0a480a3fe45241830231000c5	refs/pull/598/head
f92279693f0494c80f772c1b2d68017c38b7122f	refs/pull/624/head
f969b39a2649a4a0909b84563df2b9a643dd1a8f	refs/pull/312/head
f969b39a2649a4a0909b84563df2b9a643dd1a8f	refs/tags/archive/codex-branches/codex/e-c-production-release-support-readiness
f969b39a2649a4a0909b84563df2b9a643dd1a8f	refs/tags/archive/local-codex-branches/codex/e-c-production-release-support-readiness
f974c18c9439c751592831c6f2a38bc0731ecf59	refs/heads/codex/dependency-review-eventing-topology-aug23
f9af866527e3d3e9016bb212834c55dc062a534a	refs/pull/508/head
f9e7127785241ffe97f07e892a72935a1d92ff6d	refs/pull/551/head
fa1c259ad11dc209af867d3c5d18c16d6f6d3a43	refs/pull/360/head
fa6d3c8a1d11c818d74f8551bba1d413f3dd674f	refs/pull/387/head
faddf30b068799b7a68b88a738f9068c5e6ca31a	refs/pull/505/head
fb1dd974f7757bcb34cf7fbaa0521d2c7a09b26a	refs/pull/68/head
fb1dd974f7757bcb34cf7fbaa0521d2c7a09b26a	refs/tags/archive/codex-branches/codex/cross-platform-checkpoint-proof
fb1dd974f7757bcb34cf7fbaa0521d2c7a09b26a	refs/tags/archive/local-codex-branches/codex/cross-platform-checkpoint-proof
fb47147963e0aec64a413332691ed00c6e143cd5	refs/pull/549/head
fb47147963e0aec64a413332691ed00c6e143cd5	refs/tags/archive/post-merge-branches/codex/repo-owned-codex-hub-sync
fc6694e8fec3ad24205bf6aec2190452976e3951	refs/pull/606/head
fca5e57fea9cdba0e65bad84a2bdac2f6466e56f	refs/pull/214/head
fca5e57fea9cdba0e65bad84a2bdac2f6466e56f	refs/tags/archive/codex-branches/codex/v0-8-enforcement-product-control-spine
fca5e57fea9cdba0e65bad84a2bdac2f6466e56f	refs/tags/archive/local-codex-branches/codex/v0-8-enforcement-product-control-spine
fcb5650897976909562dea8b6095c223500ec460	refs/tags/archive/local-manual-review-branches/codex/network-remote-delivery-receipt-ledger-proof
fcb5650897976909562dea8b6095c223500ec460	refs/tags/archive/manual-review-branches/codex/network-remote-delivery-receipt-ledger-proof
fcc1bcf57ffbf169df9b7409aad8d8faabd770b4	refs/pull/290/head
fcc1bcf57ffbf169df9b7409aad8d8faabd770b4	refs/tags/archive/codex-branches/codex/app-game-policy-readiness-service
fcc1bcf57ffbf169df9b7409aad8d8faabd770b4	refs/tags/archive/local-codex-branches/codex/app-game-policy-readiness-service
fcc69ef3169e06e36227c1437b9f34e3547e04ba	refs/tags/archive/local-only-branches/codex/a-parked-after-pr192
fd13e1c41650eb13784a73aff5b049e1f4ef979f	refs/pull/87/head
fd13e1c41650eb13784a73aff5b049e1f4ef979f	refs/tags/archive/codex-branches/codex/v0.9-lan-registry-persistence-proof
fd13e1c41650eb13784a73aff5b049e1f4ef979f	refs/tags/archive/local-codex-branches/codex/v0.9-lan-registry-persistence-proof
fd4d0a8702dcf45a1dc962a2b2aff19bda61761c	refs/tags/archive/local-manual-review-branches/codex/tracking-dashboard-rendered-rollup-proof
fd4d0a8702dcf45a1dc962a2b2aff19bda61761c	refs/tags/archive/manual-review-branches/codex/tracking-dashboard-rendered-rollup-proof
fd7cdd41ef241af14e3d774f7052e94985559f39	refs/pull/694/head
fd98a1dbf700acd7b6b35a5f4a7832463848180b	refs/pull/123/head
fd98a1dbf700acd7b6b35a5f4a7832463848180b	refs/tags/archive/codex-branches/codex/activity-mia-runtime-portal-handoff
fd98a1dbf700acd7b6b35a5f4a7832463848180b	refs/tags/archive/local-codex-branches/codex/activity-mia-runtime-portal-handoff
fdac77b0d49e8bd0a2c2e81043b9c426d1fb49c7	refs/heads/codex/dependency-review-data-child-aug23
fdd4291083d5ea053f414070ce476425e010ca7a	refs/pull/403/head
fe40fe4ba7b04262d26422edb88563d605345940	refs/pull/281/head
fe40fe4ba7b04262d26422edb88563d605345940	refs/tags/archive/codex-branches/codex/screen-ai-block-action-dispatch-proof
fe40fe4ba7b04262d26422edb88563d605345940	refs/tags/archive/local-codex-branches/codex/screen-ai-block-action-dispatch-proof
fe545a678f040d171ae579da1021b9da5a7cf96c	refs/heads/codex/account-wp02-authority-transport
fe668f271517ae28d1405dd2e203d87c2d378b88	refs/pull/75/head
fe668f271517ae28d1405dd2e203d87c2d378b88	refs/tags/archive/codex-branches/codex/v0.9-lan-revocation-stale-state
fe668f271517ae28d1405dd2e203d87c2d378b88	refs/tags/archive/local-codex-branches/codex/v0.9-lan-revocation-stale-state
fea72bde2f74427f15ee38d3b6ea72436d3c2eca	refs/pull/219/head
fea72bde2f74427f15ee38d3b6ea72436d3c2eca	refs/tags/archive/codex-branches/codex/v0-8-enforcement-policy-dispatch-proof
fea72bde2f74427f15ee38d3b6ea72436d3c2eca	refs/tags/archive/local-codex-branches/codex/v0-8-enforcement-policy-dispatch-proof
feb0e221b01d170162c43bec2e67aa9dc957a5d1	refs/tags/archive/local-manual-review-branches/codex/app-game-source-gated-policy-preview-export-readiness
feb0e221b01d170162c43bec2e67aa9dc957a5d1	refs/tags/archive/local-only-branches/codex/app-game-source-gated-policy-preview-timer-handoff
feb0e221b01d170162c43bec2e67aa9dc957a5d1	refs/tags/archive/manual-review-branches/codex/app-game-source-gated-policy-preview-export-readiness
fecbe50a7c2664a0bc6512cd83a5d3e209d2f2e0	refs/pull/99/head
fecbe50a7c2664a0bc6512cd83a5d3e209d2f2e0	refs/tags/archive/codex-branches/codex/v0.7-lan-and-cross-platform-manual-proof
fecbe50a7c2664a0bc6512cd83a5d3e209d2f2e0	refs/tags/archive/local-codex-branches/codex/v0.7-lan-and-cross-platform-manual-proof
ff0642c13cbfa07ca513c69ab7a1d65c4584bafd	refs/pull/307/head
ff0642c13cbfa07ca513c69ab7a1d65c4584bafd	refs/tags/archive/codex-branches/codex/e-b-billing-entitlement-runtime-proof
ff0642c13cbfa07ca513c69ab7a1d65c4584bafd	refs/tags/archive/local-codex-branches/codex/e-b-billing-entitlement-runtime-proof
ff07fb08ad5ce5d502159ba2502e67c27972e96c	refs/pull/614/head
fff30cd4b3700f904d77490a8cb579611db073d8	refs/heads/codex/screen-capture-adapter-compile-aug23
